Date,Close
2013-04-28,134.2100067138672
2013-04-29,144.5399932861328
2013-04-30,139.0
2013-05-01,116.98999786376952
2013-05-02,105.20999908447266
2013-05-03,97.75
2013-05-04,112.5
2013-05-05,115.91000366210938
2013-05-06,112.3000030517578
2013-05-07,111.5
2013-05-08,113.56600189208984
2013-05-09,112.66999816894533
2013-05-10,117.1999969482422
2013-05-11,115.24299621582033
2013-05-12,115.0
2013-05-13,117.9800033569336
2013-05-14,111.5
2013-05-15,114.22000122070312
2013-05-16,118.76000213623048
2013-05-17,123.01499938964844
2013-05-18,123.4980010986328
2013-05-19,121.98999786376952
2013-05-20,122.0
2013-05-21,122.87999725341795
2013-05-22,123.88899993896484
2013-05-23,126.6999969482422
2013-05-24,133.1999969482422
2013-05-25,131.97999572753906
2013-05-26,133.47999572753906
2013-05-27,129.7449951171875
2013-05-28,129.0
2013-05-29,132.3000030517578
2013-05-30,128.7989959716797
2013-05-31,129.0
2013-06-01,129.3000030517578
2013-06-02,122.29199981689452
2013-06-03,122.22200012207033
2013-06-04,121.41999816894533
2013-06-05,121.6500015258789
2013-06-06,118.0
2013-06-07,111.5
2013-06-08,108.3000030517578
2013-06-09,100.0
2013-06-10,106.3499984741211
2013-06-11,108.9000015258789
2013-06-12,108.1500015258789
2013-06-13,104.0
2013-06-14,99.97889709472656
2013-06-15,99.98809814453124
2013-06-16,99.51000213623048
2013-06-17,101.6999969482422
2013-06-18,107.4000015258789
2013-06-19,108.25
2013-06-20,110.1500015258789
2013-06-21,109.5
2013-06-22,108.3000030517578
2013-06-23,107.5999984741211
2013-06-24,102.73699951171876
2013-06-25,103.9499969482422
2013-06-26,104.0
2013-06-27,101.43699645996094
2013-06-28,94.64920043945312
2013-06-29,94.99400329589844
2013-06-30,96.61399841308594
2013-07-01,88.05000305175781
2013-07-02,90.13400268554688
2013-07-03,77.52999877929688
2013-07-04,80.52580261230469
2013-07-05,68.43099975585938
2013-07-06,70.27729797363281
2013-07-07,74.56109619140625
2013-07-08,76.51599884033203
2013-07-09,76.69400024414062
2013-07-10,86.76000213623047
2013-07-11,88.9800033569336
2013-07-12,93.59490203857422
2013-07-13,98.13390350341795
2013-07-14,94.69129943847656
2013-07-15,98.40019989013672
2013-07-16,97.45079803466795
2013-07-17,98.5
2013-07-18,90.58000183105467
2013-07-19,92.16999816894533
2013-07-20,89.39009857177734
2013-07-21,90.7573013305664
2013-07-22,91.61000061035156
2013-07-23,95.55850219726562
2013-07-24,94.51000213623048
2013-07-25,96.9000015258789
2013-07-26,96.02020263671876
2013-07-27,94.11599731445312
2013-07-28,99.75599670410156
2013-07-29,101.1999969482422
2013-07-30,107.98999786376952
2013-07-31,106.08999633789062
2013-08-01,104.0
2013-08-02,104.5009994506836
2013-08-03,104.00499725341795
2013-08-04,105.1439971923828
2013-08-05,106.22000122070312
2013-08-06,106.75
2013-08-07,106.75
2013-08-08,103.0
2013-08-09,102.8000030517578
2013-08-10,103.0
2013-08-11,105.0
2013-08-12,106.63600158691406
2013-08-13,109.0
2013-08-14,112.56199645996094
2013-08-15,109.98999786376952
2013-08-16,108.99400329589844
2013-08-17,113.5
2013-08-18,113.5
2013-08-19,119.0
2013-08-20,121.20500183105467
2013-08-21,123.3000030517578
2013-08-22,121.1500015258789
2013-08-23,118.5009994506836
2013-08-24,120.04499816894533
2013-08-25,122.11100006103516
2013-08-26,120.05599975585938
2013-08-27,126.5
2013-08-28,122.62000274658205
2013-08-29,122.38999938964844
2013-08-30,133.49000549316406
2013-08-31,135.35000610351562
2013-09-01,138.33999633789062
2013-09-02,135.85000610351562
2013-09-03,136.77000427246094
2013-09-04,126.73999786376952
2013-09-05,126.43000030517578
2013-09-06,119.1500015258789
2013-09-07,124.1500015258789
2013-09-08,121.66000366210938
2013-09-09,127.11000061035156
2013-09-10,125.91000366210938
2013-09-11,135.25
2013-09-12,133.1300048828125
2013-09-13,134.97999572753906
2013-09-14,129.22000122070312
2013-09-15,130.3699951171875
2013-09-16,131.72000122070312
2013-09-17,131.66000366210938
2013-09-18,131.47000122070312
2013-09-19,129.64999389648438
2013-09-20,127.04000091552734
2013-09-21,127.43000030517578
2013-09-22,129.1199951171875
2013-09-23,125.9499969482422
2013-09-24,127.25
2013-09-25,128.22000122070312
2013-09-26,128.3800048828125
2013-09-27,133.77999877929688
2013-09-28,134.77999877929688
2013-09-29,137.33999633789062
2013-09-30,133.0
2013-10-01,132.17999267578125
2013-10-02,114.12999725341795
2013-10-03,123.62999725341795
2013-10-04,129.00999450683594
2013-10-05,128.5500030517578
2013-10-06,129.0
2013-10-07,126.94000244140624
2013-10-08,126.0
2013-10-09,130.69000244140625
2013-10-10,130.58999633789062
2013-10-11,130.89999389648438
2013-10-12,135.19000244140625
2013-10-13,138.1300048828125
2013-10-14,140.52000427246094
2013-10-15,145.24000549316406
2013-10-16,142.5500030517578
2013-10-17,146.25
2013-10-18,155.9600067138672
2013-10-19,172.4199981689453
2013-10-20,174.61000061035156
2013-10-21,182.2100067138672
2013-10-22,193.75999450683597
2013-10-23,213.6199951171875
2013-10-24,198.22999572753903
2013-10-25,186.69000244140625
2013-10-26,177.32000732421875
2013-10-27,196.44000244140625
2013-10-28,198.5500030517578
2013-10-29,204.38999938964844
2013-10-30,199.97000122070312
2013-10-31,204.0
2013-11-01,206.17999267578125
2013-11-02,206.22000122070312
2013-11-03,215.0500030517578
2013-11-04,229.1000061035156
2013-11-05,245.2400054931641
2013-11-06,262.5
2013-11-07,296.4100036621094
2013-11-08,338.1099853515625
2013-11-09,339.1099853515625
2013-11-10,326.6199951171875
2013-11-11,342.44000244140625
2013-11-12,360.3299865722656
2013-11-13,407.3699951171875
2013-11-14,420.2000122070313
2013-11-15,417.9500122070313
2013-11-16,440.2200012207031
2013-11-17,492.1099853515625
2013-11-18,703.5599975585938
2013-11-19,584.6099853515625
2013-11-20,590.8300170898438
2013-11-21,722.4299926757812
2013-11-22,771.4400024414062
2013-11-23,797.8200073242188
2013-11-24,774.25
2013-11-25,799.1099853515625
2013-11-26,928.0999755859376
2013-11-27,1001.9600219726562
2013-11-28,1031.949951171875
2013-11-29,1131.969970703125
2013-11-30,1129.4300537109375
2013-12-01,955.8499755859376
2013-12-02,1043.3299560546875
2013-12-03,1078.280029296875
2013-12-04,1151.1700439453125
2013-12-05,1045.1099853515625
2013-12-06,829.4500122070312
2013-12-07,698.22998046875
2013-12-08,795.8699951171875
2013-12-09,893.1900024414062
2013-12-10,988.510009765625
2013-12-11,878.47998046875
2013-12-12,873.260009765625
2013-12-13,892.5800170898438
2013-12-14,872.5999755859375
2013-12-15,876.1199951171875
2013-12-16,705.969970703125
2013-12-17,682.1199951171875
2013-12-18,522.7000122070312
2013-12-19,691.9600219726562
2013-12-20,625.3200073242188
2013-12-21,605.6599731445312
2013-12-22,617.1799926757812
2013-12-23,673.4099731445312
2013-12-24,665.5800170898438
2013-12-25,682.2100219726562
2013-12-26,761.97998046875
2013-12-27,735.0700073242188
2013-12-28,727.8300170898438
2013-12-29,745.0499877929688
2013-12-30,756.1300048828125
2013-12-31,754.010009765625
2014-01-01,771.4000244140625
2014-01-02,802.3900146484375
2014-01-03,818.719970703125
2014-01-04,859.510009765625
2014-01-05,933.530029296875
2014-01-06,953.2899780273438
2014-01-07,802.0
2014-01-08,842.719970703125
2014-01-09,846.8599853515625
2014-01-10,868.47998046875
2014-01-11,913.9500122070312
2014-01-12,863.219970703125
2014-01-13,841.2000122070312
2014-01-14,833.27001953125
2014-01-15,860.9000244140625
2014-01-16,835.6300048828125
2014-01-17,814.6400146484375
2014-01-18,840.0
2014-01-19,870.9600219726562
2014-01-20,870.2000122070312
2014-01-21,863.9099731445312
2014-01-22,845.5900268554688
2014-01-23,822.0399780273438
2014-01-24,797.0700073242188
2014-01-25,853.6099853515625
2014-01-26,885.280029296875
2014-01-27,771.3900146484375
2014-01-28,812.510009765625
2014-01-29,826.0
2014-01-30,819.030029296875
2014-01-31,829.9199829101562
2014-02-01,832.5800170898438
2014-02-02,825.3699951171875
2014-02-03,823.8300170898438
2014-02-04,827.9600219726562
2014-02-05,811.9099731445312
2014-02-06,781.5499877929688
2014-02-07,712.4000244140625
2014-02-08,673.9199829101562
2014-02-09,682.9000244140625
2014-02-10,681.030029296875
2014-02-11,672.1699829101562
2014-02-12,651.719970703125
2014-02-13,605.239990234375
2014-02-14,661.989990234375
2014-02-15,650.9199829101562
2014-02-16,616.6300048828125
2014-02-17,626.27001953125
2014-02-18,626.5999755859375
2014-02-19,623.030029296875
2014-02-20,556.1400146484375
2014-02-21,574.1599731445312
2014-02-22,605.4199829101562
2014-02-23,605.8200073242188
2014-02-24,546.3200073242188
2014-02-25,538.7100219726562
2014-02-26,582.6900024414062
2014-02-27,578.77001953125
2014-02-28,549.260009765625
2014-03-01,565.6099853515625
2014-03-02,559.7899780273438
2014-03-03,667.760009765625
2014-03-04,666.780029296875
2014-03-05,665.510009765625
2014-03-06,663.8599853515625
2014-03-07,629.1500244140625
2014-03-08,617.4500122070312
2014-03-09,636.9600219726562
2014-03-10,627.7899780273438
2014-03-11,634.1099853515625
2014-03-12,632.0999755859375
2014-03-13,638.1400146484375
2014-03-14,628.7999877929688
2014-03-15,636.1199951171875
2014-03-16,631.1099853515625
2014-03-17,622.3729858398438
2014-03-18,614.8319702148438
2014-03-19,609.8880004882812
2014-03-20,588.77001953125
2014-03-21,571.489990234375
2014-03-22,565.0399780273438
2014-03-23,561.27197265625
2014-03-24,583.4119873046875
2014-03-25,583.9169921875
2014-03-26,580.8270263671875
2014-03-27,471.239013671875
2014-03-28,495.6659851074219
2014-03-29,491.1719970703125
2014-03-30,460.2730102539063
2014-03-31,457.0010070800781
2014-04-01,478.375
2014-04-02,437.1400146484375
2014-04-03,444.7179870605469
2014-04-04,447.5260009765625
2014-04-05,461.9070129394531
2014-04-06,460.4989929199219
2014-04-07,449.4230041503906
2014-04-08,453.08599853515625
2014-04-09,442.7250061035156
2014-04-10,365.1759948730469
2014-04-11,420.9469909667969
2014-04-12,421.1159973144531
2014-04-13,414.06298828125
2014-04-14,458.7869873046875
2014-04-15,515.5859985351562
2014-04-16,527.39501953125
2014-04-17,495.9630126953125
2014-04-18,479.6449890136719
2014-04-19,501.5650024414063
2014-04-20,498.1679992675781
2014-04-21,495.7730102539063
2014-04-22,487.9240112304688
2014-04-23,491.3030090332031
2014-04-24,500.4649963378906
2014-04-25,461.4490051269531
2014-04-26,458.60101318359375
2014-04-27,436.3900146484375
2014-04-28,440.2850036621094
2014-04-29,447.2090148925781
2014-04-30,447.6449890136719
2014-05-01,457.760009765625
2014-05-02,449.37701416015625
2014-05-03,437.7619934082031
2014-05-04,436.4030151367188
2014-05-05,433.4819946289063
2014-05-06,428.9620056152344
2014-05-07,438.8210144042969
2014-05-08,440.16900634765625
2014-05-09,449.46099853515625
2014-05-10,454.4330139160156
2014-05-11,438.885986328125
2014-05-12,441.4620056152344
2014-05-13,440.6709899902344
2014-05-14,443.9719848632813
2014-05-15,447.25201416015625
2014-05-16,448.0580139160156
2014-05-17,448.9030151367188
2014-05-18,446.2640075683594
2014-05-19,446.1809997558594
2014-05-20,485.7239990234375
2014-05-21,491.7699890136719
2014-05-22,524.5789794921875
2014-05-23,520.2219848632812
2014-05-24,525.1380004882812
2014-05-25,571.5880126953125
2014-05-26,583.4240112304688
2014-05-27,571.2440185546875
2014-05-28,577.06201171875
2014-05-29,568.1799926757812
2014-05-30,615.3250122070312
2014-05-31,623.677001953125
2014-06-01,630.22900390625
2014-06-02,660.6179809570312
2014-06-03,667.60498046875
2014-06-04,641.614013671875
2014-06-05,659.2579956054688
2014-06-06,653.7020263671875
2014-06-07,654.968994140625
2014-06-08,656.1400146484375
2014-06-09,649.1589965820312
2014-06-10,653.1500244140625
2014-06-11,633.02001953125
2014-06-12,586.9520263671875
2014-06-13,600.1630249023438
2014-06-14,577.3579711914062
2014-06-15,592.93701171875
2014-06-16,592.18798828125
2014-06-17,610.864013671875
2014-06-18,607.9580078125
2014-06-19,598.0709838867188
2014-06-20,594.14599609375
2014-06-21,594.9920043945312
2014-06-22,602.2730102539062
2014-06-23,593.9840087890625
2014-06-24,582.3569946289062
2014-06-25,566.3359985351562
2014-06-26,581.1370239257812
2014-06-27,597.260986328125
2014-06-28,596.5490112304688
2014-06-29,602.7150268554688
2014-06-30,639.7969970703125
2014-07-01,640.8060302734375
2014-07-02,650.8790283203125
2014-07-03,645.156005859375
2014-07-04,630.6920166015625
2014-07-05,631.4569702148438
2014-07-06,635.8070068359375
2014-07-07,624.0859985351562
2014-07-08,624.8179931640625
2014-07-09,624.5089721679688
2014-07-10,616.7620239257812
2014-07-11,632.0029907226562
2014-07-12,633.7130126953125
2014-07-13,626.4970092773438
2014-07-14,619.3150024414062
2014-07-15,621.5859985351562
2014-07-16,616.7999877929688
2014-07-17,623.0889892578125
2014-07-18,628.7789916992188
2014-07-19,628.5150146484375
2014-07-20,623.9000244140625
2014-07-21,622.2109985351562
2014-07-22,621.551025390625
2014-07-23,619.4149780273438
2014-07-24,601.7329711914062
2014-07-25,601.0889892578125
2014-07-26,595.81298828125
2014-07-27,593.8519897460938
2014-07-28,585.6909790039062
2014-07-29,584.7249755859375
2014-07-30,567.2930297851562
2014-07-31,586.2349853515625
2014-08-01,594.916015625
2014-08-02,589.3330078125
2014-08-03,586.666015625
2014-08-04,588.781982421875
2014-08-05,585.4359741210938
2014-08-06,584.6530151367188
2014-08-07,588.8690185546875
2014-08-08,592.5770263671875
2014-08-09,589.3720092773438
2014-08-10,591.0609741210938
2014-08-11,576.3679809570312
2014-08-12,569.6420288085938
2014-08-13,546.6580200195312
2014-08-14,505.9739990234375
2014-08-15,497.010009765625
2014-08-16,519.7080078125
2014-08-17,491.7950134277344
2014-08-18,461.4599914550781
2014-08-19,485.2449951171875
2014-08-20,511.9800109863281
2014-08-21,517.2369995117188
2014-08-22,514.0430297851562
2014-08-23,498.0750122070313
2014-08-24,508.2860107421875
2014-08-25,502.4960021972656
2014-08-26,511.5700073242188
2014-08-27,511.1530151367188
2014-08-28,507.8150024414063
2014-08-29,508.5169982910156
2014-08-30,504.2489929199219
2014-08-31,477.7630004882813
2014-09-01,474.8789978027344
2014-09-02,477.4259948730469
2014-09-03,477.58599853515625
2014-09-04,489.6600036621094
2014-09-05,483.3420104980469
2014-09-06,484.8299865722656
2014-09-07,482.2780151367188
2014-09-08,474.6000061035156
2014-09-09,475.260009765625
2014-09-10,479.3590087890625
2014-09-11,479.7489929199219
2014-09-12,477.75299072265625
2014-09-13,479.00201416015625
2014-09-14,477.8919982910156
2014-09-15,475.3710021972656
2014-09-16,466.0570068359375
2014-09-17,457.3340148925781
2014-09-18,424.4400024414063
2014-09-19,394.7959899902344
2014-09-20,408.9039916992188
2014-09-21,398.8210144042969
2014-09-22,402.1520080566406
2014-09-23,435.7909851074219
2014-09-24,423.2049865722656
2014-09-25,411.5740051269531
2014-09-26,404.4249877929688
2014-09-27,399.5199890136719
2014-09-28,377.1809997558594
2014-09-29,375.4670104980469
2014-09-30,386.9440002441406
2014-10-01,383.614990234375
2014-10-02,375.0719909667969
2014-10-03,359.5119934082031
2014-10-04,328.8659973144531
2014-10-05,320.510009765625
2014-10-06,330.0790100097656
2014-10-07,336.18701171875
2014-10-08,352.94000244140625
2014-10-09,365.0260009765625
2014-10-10,361.56201171875
2014-10-11,362.2990112304688
2014-10-12,378.5490112304688
2014-10-13,390.41400146484375
2014-10-14,400.8699951171875
2014-10-15,394.7730102539063
2014-10-16,382.5559997558594
2014-10-17,383.7579956054688
2014-10-18,391.4419860839844
2014-10-19,389.5459899902344
2014-10-20,382.8450012207031
2014-10-21,386.4750061035156
2014-10-22,383.1579895019531
2014-10-23,358.4169921875
2014-10-24,358.3450012207031
2014-10-25,347.27099609375
2014-10-26,354.7040100097656
2014-10-27,352.989013671875
2014-10-28,357.6180114746094
2014-10-29,335.59100341796875
2014-10-30,345.30499267578125
2014-10-31,338.3210144042969
2014-11-01,325.7489929199219
2014-11-02,325.8919982910156
2014-11-03,327.5539855957031
2014-11-04,330.49200439453125
2014-11-05,339.4859924316406
2014-11-06,349.2900085449219
2014-11-07,342.4150085449219
2014-11-08,345.4880065917969
2014-11-09,363.2640075683594
2014-11-10,366.9240112304688
2014-11-11,367.6950073242188
2014-11-12,423.5610046386719
2014-11-13,420.7349853515625
2014-11-14,397.8179931640625
2014-11-15,376.1329956054688
2014-11-16,387.8819885253906
2014-11-17,387.4079895019531
2014-11-18,375.197998046875
2014-11-19,380.5549926757813
2014-11-20,357.8399963378906
2014-11-21,350.8479919433594
2014-11-22,352.9200134277344
2014-11-23,367.572998046875
2014-11-24,376.9010009765625
2014-11-25,375.3479919433594
2014-11-26,368.3699951171875
2014-11-27,369.6700134277344
2014-11-28,376.4469909667969
2014-11-29,375.4909973144531
2014-11-30,378.0469970703125
2014-12-01,379.2449951171875
2014-12-02,381.3150024414063
2014-12-03,375.010009765625
2014-12-04,369.60400390625
2014-12-05,376.85400390625
2014-12-06,374.7850036621094
2014-12-07,375.0950012207031
2014-12-08,361.9089965820313
2014-12-09,352.218994140625
2014-12-10,346.364990234375
2014-12-11,350.5060119628906
2014-12-12,352.5419921875
2014-12-13,347.3760070800781
2014-12-14,351.6319885253906
2014-12-15,345.3450012207031
2014-12-16,327.06201171875
2014-12-17,319.7760009765625
2014-12-18,311.39599609375
2014-12-19,317.8429870605469
2014-12-20,329.9559936523437
2014-12-21,320.8429870605469
2014-12-22,331.885986328125
2014-12-23,334.5719909667969
2014-12-24,322.53399658203125
2014-12-25,319.00799560546875
2014-12-26,327.92401123046875
2014-12-27,315.8630065917969
2014-12-28,317.239013671875
2014-12-29,312.6700134277344
2014-12-30,310.73699951171875
2014-12-31,320.1929931640625
2015-01-01,314.2489929199219
2015-01-02,315.0320129394531
2015-01-03,281.0820007324219
2015-01-04,264.19500732421875
2015-01-05,274.4739990234375
2015-01-06,286.1889953613281
2015-01-07,294.3370056152344
2015-01-08,283.3489990234375
2015-01-09,290.4079895019531
2015-01-10,274.7959899902344
2015-01-11,265.6600036621094
2015-01-12,267.7959899902344
2015-01-13,225.86099243164065
2015-01-14,178.10299682617188
2015-01-15,209.843994140625
2015-01-16,208.0970001220703
2015-01-17,199.25999450683597
2015-01-18,210.3390045166016
2015-01-19,214.86099243164065
2015-01-20,211.31500244140625
2015-01-21,226.89700317382807
2015-01-22,233.406005859375
2015-01-23,232.8789978027344
2015-01-24,247.8470001220703
2015-01-25,253.71800231933597
2015-01-26,273.4729919433594
2015-01-27,263.4750061035156
2015-01-28,233.9149932861328
2015-01-29,233.51300048828125
2015-01-30,226.4250030517578
2015-01-31,217.4640045166016
2015-02-01,226.9720001220703
2015-02-02,238.22900390625
2015-02-03,227.26800537109372
2015-02-04,226.85299682617188
2015-02-05,217.11099243164065
2015-02-06,222.26600646972656
2015-02-07,227.7539978027344
2015-02-08,223.41200256347656
2015-02-09,220.1100006103516
2015-02-10,219.8390045166016
2015-02-11,219.18499755859372
2015-02-12,221.76400756835935
2015-02-13,235.427001953125
2015-02-14,257.3210144042969
2015-02-15,234.8249969482422
2015-02-16,233.84300231933597
2015-02-17,243.6100006103516
2015-02-18,236.3260040283203
2015-02-19,240.2830047607422
2015-02-20,243.7790069580078
2015-02-21,244.53399658203125
2015-02-22,235.9770050048828
2015-02-23,238.8919982910156
2015-02-24,238.7350006103516
2015-02-25,237.47000122070312
2015-02-26,236.42599487304688
2015-02-27,253.8280029296875
2015-02-28,254.26300048828125
2015-03-01,260.2019958496094
2015-03-02,275.6700134277344
2015-03-03,281.7019958496094
2015-03-04,273.0920104980469
2015-03-05,276.1780090332031
2015-03-06,272.7229919433594
2015-03-07,276.260986328125
2015-03-08,274.35400390625
2015-03-09,289.60699462890625
2015-03-10,291.760009765625
2015-03-11,296.3789978027344
2015-03-12,294.35400390625
2015-03-13,285.3370056152344
2015-03-14,281.885009765625
2015-03-15,286.3930053710937
2015-03-16,290.5929870605469
2015-03-17,285.5050048828125
2015-03-18,256.29901123046875
2015-03-19,260.9280090332031
2015-03-20,261.7489929199219
2015-03-21,260.0249938964844
2015-03-22,267.9599914550781
2015-03-23,266.739990234375
2015-03-24,245.59500122070312
2015-03-25,246.19700622558597
2015-03-26,248.5319976806641
2015-03-27,247.0290069580078
2015-03-28,252.79800415039065
2015-03-29,242.71299743652344
2015-03-30,247.5260009765625
2015-03-31,244.2239990234375
2015-04-01,247.27200317382807
2015-04-02,253.0050048828125
2015-04-03,254.32200622558597
2015-04-04,253.69700622558597
2015-04-05,260.5979919433594
2015-04-06,255.49200439453125
2015-04-07,253.17999267578125
2015-04-08,245.02200317382807
2015-04-09,243.67599487304688
2015-04-10,236.07200622558597
2015-04-11,236.552001953125
2015-04-12,236.1529998779297
2015-04-13,224.5870056152344
2015-04-14,219.15899658203125
2015-04-15,223.8329925537109
2015-04-16,228.572998046875
2015-04-17,222.8820037841797
2015-04-18,223.3560028076172
2015-04-19,222.6000061035156
2015-04-20,224.62600708007807
2015-04-21,235.2689971923828
2015-04-22,234.17599487304688
2015-04-23,236.4620056152344
2015-04-24,231.26800537109372
2015-04-25,226.38999938964844
2015-04-26,219.42999267578125
2015-04-27,229.28599548339844
2015-04-28,225.85499572753903
2015-04-29,225.80799865722656
2015-04-30,236.1450042724609
2015-05-01,232.07899475097656
2015-05-02,234.92999267578125
2015-05-03,240.3580017089844
2015-05-04,239.01800537109372
2015-05-05,236.1210021972656
2015-05-06,229.7819976806641
2015-05-07,237.33399963378903
2015-05-08,243.86300659179688
2015-05-09,241.83200073242188
2015-05-10,240.29600524902344
2015-05-11,242.1580047607422
2015-05-12,241.11199951171875
2015-05-13,236.3769989013672
2015-05-14,236.9290008544922
2015-05-15,237.60499572753903
2015-05-16,236.1529998779297
2015-05-17,236.802001953125
2015-05-18,233.1280059814453
2015-05-19,231.94700622558597
2015-05-20,234.01800537109372
2015-05-21,235.343994140625
2015-05-22,240.34800720214844
2015-05-23,238.8719940185547
2015-05-24,240.9530029296875
2015-05-25,237.1100006103516
2015-05-26,237.11599731445312
2015-05-27,237.2830047607422
2015-05-28,237.4080047607422
2015-05-29,237.0959930419922
2015-05-30,233.34500122070312
2015-05-31,230.19000244140625
2015-06-01,222.92599487304688
2015-06-02,225.8029937744141
2015-06-03,225.87399291992188
2015-06-04,224.32400512695312
2015-06-05,224.95199584960935
2015-06-06,225.61900329589844
2015-06-07,222.8809967041016
2015-06-08,228.48899841308597
2015-06-09,229.04800415039065
2015-06-10,228.8029937744141
2015-06-11,229.7050018310547
2015-06-12,229.98199462890625
2015-06-13,232.4019927978516
2015-06-14,233.54299926757807
2015-06-15,236.822998046875
2015-06-16,250.8950042724609
2015-06-17,249.28399658203125
2015-06-18,249.0070037841797
2015-06-19,244.6060028076172
2015-06-20,245.2120056152344
2015-06-21,243.94400024414065
2015-06-22,246.9900054931641
2015-06-23,244.29600524902344
2015-06-24,240.51499938964844
2015-06-25,242.7989959716797
2015-06-26,243.593994140625
2015-06-27,250.9900054931641
2015-06-28,249.0110015869141
2015-06-29,257.0639953613281
2015-06-30,263.0719909667969
2015-07-01,258.6210021972656
2015-07-02,255.41200256347656
2015-07-03,256.33599853515625
2015-07-04,260.885986328125
2015-07-05,271.9129943847656
2015-07-06,269.0299987792969
2015-07-07,266.2070007324219
2015-07-08,270.7850036621094
2015-07-09,269.2279968261719
2015-07-10,284.8940124511719
2015-07-11,293.114990234375
2015-07-12,310.86700439453125
2015-07-13,292.0539855957031
2015-07-14,287.4639892578125
2015-07-15,285.8290100097656
2015-07-16,278.0889892578125
2015-07-17,279.47198486328125
2015-07-18,274.9010009765625
2015-07-19,273.614013671875
2015-07-20,278.9809875488281
2015-07-21,275.8330078125
2015-07-22,277.22198486328125
2015-07-23,276.04901123046875
2015-07-24,288.27801513671875
2015-07-25,288.6969909667969
2015-07-26,292.6860046386719
2015-07-27,293.6239929199219
2015-07-28,294.427001953125
2015-07-29,289.5899963378906
2015-07-30,287.72198486328125
2015-07-31,284.6499938964844
2015-08-01,281.6010131835937
2015-08-02,282.614013671875
2015-08-03,281.2269897460937
2015-08-04,285.2179870605469
2015-08-05,281.8819885253906
2015-08-06,278.5769958496094
2015-08-07,279.5849914550781
2015-08-08,260.9970092773437
2015-08-09,265.0830078125
2015-08-10,264.4700012207031
2015-08-11,270.385986328125
2015-08-12,266.3760070800781
2015-08-13,264.0799865722656
2015-08-14,265.67999267578125
2015-08-15,261.5509948730469
2015-08-16,258.5069885253906
2015-08-17,257.9760131835937
2015-08-18,211.07899475097656
2015-08-19,226.6840057373047
2015-08-20,235.3500061035156
2015-08-21,232.56900024414065
2015-08-22,230.38999938964844
2015-08-23,228.16900634765625
2015-08-24,210.4949951171875
2015-08-25,221.60899353027344
2015-08-26,225.83099365234372
2015-08-27,224.7689971923828
2015-08-28,231.39599609375
2015-08-29,229.77999877929688
2015-08-30,228.7610015869141
2015-08-31,230.05599975585935
2015-09-01,228.1210021972656
2015-09-02,229.28399658203125
2015-09-03,227.18299865722656
2015-09-04,230.29800415039065
2015-09-05,235.0189971923828
2015-09-06,239.83999633789065
2015-09-07,239.8470001220703
2015-09-08,243.60699462890625
2015-09-09,238.16799926757807
2015-09-10,238.4770050048828
2015-09-11,240.10699462890625
2015-09-12,235.22900390625
2015-09-13,230.51199340820312
2015-09-14,230.6439971923828
2015-09-15,230.3040008544922
2015-09-16,229.09100341796875
2015-09-17,229.80999755859372
2015-09-18,232.9750061035156
2015-09-19,231.4929962158203
2015-09-20,231.2120056152344
2015-09-21,227.0850067138672
2015-09-22,230.6179962158203
2015-09-23,230.2830047607422
2015-09-24,234.5290069580078
2015-09-25,235.1439971923828
2015-09-26,234.33999633789065
2015-09-27,232.7570037841797
2015-09-28,239.1419982910156
2015-09-29,236.6869964599609
2015-09-30,236.05999755859372
2015-10-01,237.5489959716797
2015-10-02,237.29299926757807
2015-10-03,238.72999572753903
2015-10-04,238.25900268554688
2015-10-05,240.38299560546875
2015-10-06,246.06300354003903
2015-10-07,242.968994140625
2015-10-08,242.3040008544922
2015-10-09,243.93099975585935
2015-10-10,244.9409942626953
2015-10-11,247.0500030517578
2015-10-12,245.30799865722656
2015-10-13,249.50799560546875
2015-10-14,251.98899841308597
2015-10-15,254.32000732421875
2015-10-16,262.8689880371094
2015-10-17,270.6400146484375
2015-10-18,261.6430053710937
2015-10-19,263.43701171875
2015-10-20,269.4630126953125
2015-10-21,266.2720031738281
2015-10-22,274.02301025390625
2015-10-23,276.4960021972656
2015-10-24,281.65399169921875
2015-10-25,283.67999267578125
2015-10-26,285.29998779296875
2015-10-27,293.7879943847656
2015-10-28,304.6180114746094
2015-10-29,313.8550109863281
2015-10-30,328.0150146484375
2015-10-31,314.1659851074219
2015-11-01,325.4309997558594
2015-11-02,361.1889953613281
2015-11-03,403.4169921875
2015-11-04,411.56298828125
2015-11-05,386.35400390625
2015-11-06,374.4700012207031
2015-11-07,386.4819946289063
2015-11-08,373.3680114746094
2015-11-09,380.2569885253906
2015-11-10,336.8190002441406
2015-11-11,311.0840148925781
2015-11-12,338.1520080566406
2015-11-13,336.75299072265625
2015-11-14,332.906005859375
2015-11-15,320.1659851074219
2015-11-16,330.7510070800781
2015-11-17,335.093994140625
2015-11-18,334.5899963378906
2015-11-19,326.14898681640625
2015-11-20,322.0220031738281
2015-11-21,326.927001953125
2015-11-22,324.5360107421875
2015-11-23,323.0459899902344
2015-11-24,320.0459899902344
2015-11-25,328.2059936523437
2015-11-26,352.6839904785156
2015-11-27,358.0419921875
2015-11-28,357.3810119628906
2015-11-29,371.29400634765625
2015-11-30,377.3210144042969
2015-12-01,362.4880065917969
2015-12-02,359.18701171875
2015-12-03,361.0459899902344
2015-12-04,363.1830139160156
2015-12-05,388.9490051269531
2015-12-06,388.7829895019531
2015-12-07,395.5360107421875
2015-12-08,415.56298828125
2015-12-09,417.56298828125
2015-12-10,415.47900390625
2015-12-11,451.93798828125
2015-12-12,434.99700927734375
2015-12-13,433.7550048828125
2015-12-14,444.1820068359375
2015-12-15,465.3210144042969
2015-12-16,454.9339904785156
2015-12-17,456.0780029296875
2015-12-18,463.6159973144531
2015-12-19,462.3219909667969
2015-12-20,442.68499755859375
2015-12-21,438.6390075683594
2015-12-22,436.5719909667969
2015-12-23,442.4010009765625
2015-12-24,454.9849853515625
2015-12-25,455.6530151367188
2015-12-26,417.2739868164063
2015-12-27,422.822998046875
2015-12-28,422.2789916992188
2015-12-29,432.9830017089844
2015-12-30,426.6199951171875
2015-12-31,430.5669860839844
2016-01-01,434.3340148925781
2016-01-02,433.43798828125
2016-01-03,430.010986328125
2016-01-04,433.0910034179688
2016-01-05,431.9599914550781
2016-01-06,429.1050109863281
2016-01-07,458.0480041503906
2016-01-08,453.2300109863281
2016-01-09,447.6109924316406
2016-01-10,447.9909973144531
2016-01-11,448.4280090332031
2016-01-12,435.6900024414063
2016-01-13,432.3710021972656
2016-01-14,430.3059997558594
2016-01-15,364.33099365234375
2016-01-16,387.5360107421875
2016-01-17,382.2990112304688
2016-01-18,387.1679992675781
2016-01-19,380.1489868164063
2016-01-20,420.2300109863281
2016-01-21,410.2619934082031
2016-01-22,382.4920043945313
2016-01-23,387.4909973144531
2016-01-24,402.9710083007813
2016-01-25,391.72601318359375
2016-01-26,392.1530151367188
2016-01-27,394.9719848632813
2016-01-28,380.28900146484375
2016-01-29,379.4739990234375
2016-01-30,378.2550048828125
2016-01-31,368.7669982910156
2016-02-01,373.0559997558594
2016-02-02,374.447998046875
2016-02-03,369.9490051269531
2016-02-04,389.593994140625
2016-02-05,386.5490112304688
2016-02-06,376.5220031738281
2016-02-07,376.6199951171875
2016-02-08,373.4469909667969
2016-02-09,376.0289916992188
2016-02-10,381.6489868164063
2016-02-11,379.6539916992188
2016-02-12,384.2630004882813
2016-02-13,391.8599853515625
2016-02-14,407.2300109863281
2016-02-15,400.18499755859375
2016-02-16,407.4880065917969
2016-02-17,416.3219909667969
2016-02-18,422.37298583984375
2016-02-19,420.7850036621094
2016-02-20,437.16400146484375
2016-02-21,438.7980041503906
2016-02-22,437.74798583984375
2016-02-23,420.7359924316406
2016-02-24,424.9549865722656
2016-02-25,424.54400634765625
2016-02-26,432.1520080566406
2016-02-27,432.5190124511719
2016-02-28,433.5039978027344
2016-02-29,437.6969909667969
2016-03-01,435.12298583984375
2016-03-02,423.989013671875
2016-03-03,421.6510009765625
2016-03-04,410.9389953613281
2016-03-05,400.5700073242188
2016-03-06,407.7070007324219
2016-03-07,414.3210144042969
2016-03-08,413.9719848632813
2016-03-09,414.8599853515625
2016-03-10,417.1310119628906
2016-03-11,421.6900024414063
2016-03-12,411.6239929199219
2016-03-13,414.0650024414063
2016-03-14,416.43798828125
2016-03-15,416.8299865722656
2016-03-16,417.010986328125
2016-03-17,420.6210021972656
2016-03-18,409.5480041503906
2016-03-19,410.4440002441406
2016-03-20,413.7550048828125
2016-03-21,413.3070068359375
2016-03-22,418.0889892578125
2016-03-23,418.0409851074219
2016-03-24,416.3940124511719
2016-03-25,417.177001953125
2016-03-26,417.9450073242188
2016-03-27,426.7650146484375
2016-03-28,424.2309875488281
2016-03-29,416.5159912109375
2016-03-30,414.8160095214844
2016-03-31,416.72900390625
2016-04-01,417.9599914550781
2016-04-02,420.87298583984375
2016-04-03,420.9039916992188
2016-04-04,421.4440002441406
2016-04-05,424.0299987792969
2016-04-06,423.4129943847656
2016-04-07,422.7449951171875
2016-04-08,420.3489990234375
2016-04-09,419.4110107421875
2016-04-10,421.5639953613281
2016-04-11,422.4830017089844
2016-04-12,425.1900024414063
2016-04-13,423.7340087890625
2016-04-14,424.2820129394531
2016-04-15,429.7130126953125
2016-04-16,430.5719909667969
2016-04-17,427.3989868164063
2016-04-18,428.5910034179688
2016-04-19,435.5090026855469
2016-04-20,441.3890075683594
2016-04-21,449.4249877929688
2016-04-22,445.7369995117188
2016-04-23,450.2820129394531
2016-04-24,458.5549926757813
2016-04-25,461.4259948730469
2016-04-26,466.0889892578125
2016-04-27,444.68701171875
2016-04-28,449.010986328125
2016-04-29,455.0969848632813
2016-04-30,448.3179931640625
2016-05-01,451.875
2016-05-02,444.66900634765625
2016-05-03,450.3039855957031
2016-05-04,446.7219848632813
2016-05-05,447.97601318359375
2016-05-06,459.6029968261719
2016-05-07,458.5360107421875
2016-05-08,458.5480041503906
2016-05-09,460.4830017089844
2016-05-10,450.8949890136719
2016-05-11,452.7279968261719
2016-05-12,454.7659912109375
2016-05-13,455.6700134277344
2016-05-14,455.6709899902344
2016-05-15,457.5679931640625
2016-05-16,454.1629943847656
2016-05-17,453.7829895019531
2016-05-18,454.6189880371094
2016-05-19,438.7149963378906
2016-05-20,442.6759948730469
2016-05-21,443.18798828125
2016-05-22,439.322998046875
2016-05-23,444.1549987792969
2016-05-24,445.9809875488281
2016-05-25,449.5989990234375
2016-05-26,453.3840026855469
2016-05-27,473.4639892578125
2016-05-28,530.0399780273438
2016-05-29,526.2329711914062
2016-05-30,533.864013671875
2016-05-31,531.385986328125
2016-06-01,536.9199829101562
2016-06-02,537.9719848632812
2016-06-03,569.1939697265625
2016-06-04,572.7269897460938
2016-06-05,574.9769897460938
2016-06-06,585.5369873046875
2016-06-07,576.5969848632812
2016-06-08,581.64501953125
2016-06-09,574.6300048828125
2016-06-10,577.469970703125
2016-06-11,606.7269897460938
2016-06-12,672.7839965820312
2016-06-13,704.3759765625
2016-06-14,685.5590209960938
2016-06-15,694.468994140625
2016-06-16,766.3079833984375
2016-06-17,748.9089965820312
2016-06-18,756.2269897460938
2016-06-19,763.781005859375
2016-06-20,737.2260131835938
2016-06-21,666.6519775390625
2016-06-22,596.1160278320312
2016-06-23,623.9769897460938
2016-06-24,665.2990112304688
2016-06-25,665.1229858398438
2016-06-26,629.3670043945312
2016-06-27,655.2750244140625
2016-06-28,647.0009765625
2016-06-29,639.8900146484375
2016-06-30,673.3369750976562
2016-07-01,676.2960205078125
2016-07-02,703.7020263671875
2016-07-03,658.6640014648438
2016-07-04,683.6619873046875
2016-07-05,670.6270141601562
2016-07-06,677.3309936523438
2016-07-07,640.56201171875
2016-07-08,666.5230102539062
2016-07-09,650.9600219726562
2016-07-10,649.3599853515625
2016-07-11,647.6589965820312
2016-07-12,664.551025390625
2016-07-13,654.468017578125
2016-07-14,658.0780029296875
2016-07-15,663.2550048828125
2016-07-16,660.7670288085938
2016-07-17,679.458984375
2016-07-18,673.1060180664062
2016-07-19,672.864013671875
2016-07-20,665.6849975585938
2016-07-21,665.0120239257812
2016-07-22,650.6190185546875
2016-07-23,655.5560302734375
2016-07-24,661.2849731445312
2016-07-25,654.0969848632812
2016-07-26,651.7839965820312
2016-07-27,654.3519897460938
2016-07-28,655.0349731445312
2016-07-29,656.9920043945312
2016-07-30,655.0469970703125
2016-07-31,624.6810302734375
2016-08-01,606.27197265625
2016-08-02,547.4650268554688
2016-08-03,566.35498046875
2016-08-04,578.2890014648438
2016-08-05,575.0430297851562
2016-08-06,587.7780151367188
2016-08-07,592.6900024414062
2016-08-08,591.0540161132812
2016-08-09,587.801025390625
2016-08-10,592.10302734375
2016-08-11,589.1199951171875
2016-08-12,587.5590209960938
2016-08-13,585.5880126953125
2016-08-14,570.4730224609375
2016-08-15,567.239990234375
2016-08-16,577.4390258789062
2016-08-17,573.2160034179688
2016-08-18,574.3179931640625
2016-08-19,575.6300048828125
2016-08-20,581.697021484375
2016-08-21,581.3079833984375
2016-08-22,586.7529907226562
2016-08-23,583.4149780273438
2016-08-24,580.1820068359375
2016-08-25,577.760986328125
2016-08-26,579.6510009765625
2016-08-27,569.947021484375
2016-08-28,573.9119873046875
2016-08-29,574.1069946289062
2016-08-30,577.5029907226562
2016-08-31,575.4719848632812
2016-09-01,572.302978515625
2016-09-02,575.5369873046875
2016-09-03,598.2119750976562
2016-09-04,608.6339721679688
2016-09-05,606.5900268554688
2016-09-06,610.4359741210938
2016-09-07,614.5440063476562
2016-09-08,626.3159790039062
2016-09-09,622.8610229492188
2016-09-10,623.5089721679688
2016-09-11,606.718994140625
2016-09-12,608.2429809570312
2016-09-13,609.2410278320312
2016-09-14,610.6840209960938
2016-09-15,607.155029296875
2016-09-16,606.9730224609375
2016-09-17,605.9840087890625
2016-09-18,609.8740234375
2016-09-19,609.2269897460938
2016-09-20,608.31201171875
2016-09-21,597.1489868164062
2016-09-22,596.2979736328125
2016-09-23,602.8419799804688
2016-09-24,602.625
2016-09-25,600.8259887695312
2016-09-26,608.0430297851562
2016-09-27,606.166015625
2016-09-28,604.72802734375
2016-09-29,605.6929931640625
2016-09-30,609.7349853515625
2016-10-01,613.9829711914062
2016-10-02,610.8920288085938
2016-10-03,612.1329956054688
2016-10-04,610.2039794921875
2016-10-05,612.510986328125
2016-10-06,613.02099609375
2016-10-07,617.1209716796875
2016-10-08,619.1079711914062
2016-10-09,616.7520141601562
2016-10-10,618.9940185546875
2016-10-11,641.072021484375
2016-10-12,636.1920166015625
2016-10-13,636.7860107421875
2016-10-14,640.3779907226562
2016-10-15,638.64599609375
2016-10-16,641.6309814453125
2016-10-17,639.1929931640625
2016-10-18,637.9600219726562
2016-10-19,630.52001953125
2016-10-20,630.8569946289062
2016-10-21,632.8280029296875
2016-10-22,657.2940063476562
2016-10-23,657.0709838867188
2016-10-24,653.760986328125
2016-10-25,657.5880126953125
2016-10-26,678.3040161132812
2016-10-27,688.31298828125
2016-10-28,689.6510009765625
2016-10-29,714.47900390625
2016-10-30,701.864013671875
2016-10-31,700.9719848632812
2016-11-01,729.7930297851562
2016-11-02,740.8289794921875
2016-11-03,688.7000122070312
2016-11-04,703.2349853515625
2016-11-05,703.4180297851562
2016-11-06,711.52197265625
2016-11-07,703.1309814453125
2016-11-08,709.8480224609375
2016-11-09,723.2730102539062
2016-11-10,715.5339965820312
2016-11-11,716.4110107421875
2016-11-12,705.0540161132812
2016-11-13,702.031005859375
2016-11-14,705.02099609375
2016-11-15,711.6190185546875
2016-11-16,744.197998046875
2016-11-17,740.9769897460938
2016-11-18,751.5850219726562
2016-11-19,751.6160278320312
2016-11-20,731.0260009765625
2016-11-21,739.2479858398438
2016-11-22,751.3469848632812
2016-11-23,744.593994140625
2016-11-24,740.2890014648438
2016-11-25,741.6489868164062
2016-11-26,735.3820190429688
2016-11-27,732.0349731445312
2016-11-28,735.81298828125
2016-11-29,735.60400390625
2016-11-30,745.6909790039062
2016-12-01,756.7739868164062
2016-12-02,777.9439697265625
2016-12-03,771.155029296875
2016-12-04,773.8720092773438
2016-12-05,758.7000122070312
2016-12-06,764.2239990234375
2016-12-07,768.1320190429688
2016-12-08,770.8099975585938
2016-12-09,772.7940063476562
2016-12-10,774.6500244140625
2016-12-11,769.7310180664062
2016-12-12,780.0869750976562
2016-12-13,780.5560302734375
2016-12-14,781.4810180664062
2016-12-15,778.0880126953125
2016-12-16,784.906982421875
2016-12-17,790.8289794921875
2016-12-18,790.530029296875
2016-12-19,792.7139892578125
2016-12-20,800.8759765625
2016-12-21,834.281005859375
2016-12-22,864.5399780273438
2016-12-23,921.9840087890624
2016-12-24,898.822021484375
2016-12-25,896.1829833984375
2016-12-26,907.6099853515624
2016-12-27,933.197998046875
2016-12-28,975.9210205078124
2016-12-29,973.4970092773438
2016-12-30,961.2379760742188
2016-12-31,963.7429809570312
2017-01-01,998.3250122070312
2017-01-02,1021.75
2017-01-03,1043.8399658203125
2017-01-04,1154.72998046875
2017-01-05,1013.3800048828124
2017-01-06,902.2009887695312
2017-01-07,908.5850219726562
2017-01-08,911.198974609375
2017-01-09,902.8280029296876
2017-01-10,907.6790161132812
2017-01-11,777.7570190429688
2017-01-12,804.833984375
2017-01-13,823.9840087890625
2017-01-14,818.4119873046875
2017-01-15,821.7979736328125
2017-01-16,831.5339965820312
2017-01-17,907.93798828125
2017-01-18,886.6179809570312
2017-01-19,899.072998046875
2017-01-20,895.0260009765625
2017-01-21,921.7890014648438
2017-01-22,924.6729736328124
2017-01-23,921.0120239257812
2017-01-24,892.68701171875
2017-01-25,901.5419921875
2017-01-26,917.5859985351562
2017-01-27,919.75
2017-01-28,921.5900268554688
2017-01-29,919.4959716796876
2017-01-30,920.3820190429688
2017-01-31,970.4030151367188
2017-02-01,989.0230102539062
2017-02-02,1011.7999877929688
2017-02-03,1029.9100341796875
2017-02-04,1042.9000244140625
2017-02-05,1027.3399658203125
2017-02-06,1038.1500244140625
2017-02-07,1061.3499755859375
2017-02-08,1063.0699462890625
2017-02-09,994.3829956054688
2017-02-10,988.6740112304688
2017-02-11,1004.4500122070312
2017-02-12,999.1810302734376
2017-02-13,990.6420288085938
2017-02-14,1004.5499877929688
2017-02-15,1007.47998046875
2017-02-16,1027.43994140625
2017-02-17,1046.2099609375
2017-02-18,1054.4200439453125
2017-02-19,1047.8699951171875
2017-02-20,1079.97998046875
2017-02-21,1115.300048828125
2017-02-22,1117.43994140625
2017-02-23,1166.719970703125
2017-02-24,1173.6800537109375
2017-02-25,1143.8399658203125
2017-02-26,1165.199951171875
2017-02-27,1179.969970703125
2017-02-28,1179.969970703125
2017-03-01,1222.5
2017-03-02,1251.010009765625
2017-03-03,1274.989990234375
2017-03-04,1255.1500244140625
2017-03-05,1267.1199951171875
2017-03-06,1272.8299560546875
2017-03-07,1223.5400390625
2017-03-08,1150.0
2017-03-09,1188.489990234375
2017-03-10,1116.719970703125
2017-03-11,1175.8299560546875
2017-03-12,1221.3800048828125
2017-03-13,1231.9200439453125
2017-03-14,1240.0
2017-03-15,1249.6099853515625
2017-03-16,1187.81005859375
2017-03-17,1100.22998046875
2017-03-18,973.8179931640624
2017-03-19,1036.739990234375
2017-03-20,1054.22998046875
2017-03-21,1120.5400390625
2017-03-22,1049.1400146484375
2017-03-23,1038.5899658203125
2017-03-24,937.52001953125
2017-03-25,972.7789916992188
2017-03-26,966.7249755859376
2017-03-27,1045.77001953125
2017-03-28,1047.1500244140625
2017-03-29,1039.969970703125
2017-03-30,1026.4300537109375
2017-03-31,1071.7900390625
2017-04-01,1080.5
2017-04-02,1102.1700439453125
2017-04-03,1143.81005859375
2017-04-04,1133.25
2017-04-05,1124.780029296875
2017-04-06,1182.6800537109375
2017-04-07,1176.9000244140625
2017-04-08,1175.949951171875
2017-04-09,1187.8699951171875
2017-04-10,1187.1300048828125
2017-04-11,1205.010009765625
2017-04-12,1200.3699951171875
2017-04-13,1169.280029296875
2017-04-14,1167.5400390625
2017-04-15,1172.52001953125
2017-04-16,1182.93994140625
2017-04-17,1193.9100341796875
2017-04-18,1211.6700439453125
2017-04-19,1210.2900390625
2017-04-20,1229.0799560546875
2017-04-21,1222.050048828125
2017-04-22,1231.7099609375
2017-04-23,1207.2099609375
2017-04-24,1250.1500244140625
2017-04-25,1265.489990234375
2017-04-26,1281.0799560546875
2017-04-27,1317.72998046875
2017-04-28,1316.47998046875
2017-04-29,1321.7900390625
2017-04-30,1347.8900146484375
2017-05-01,1421.5999755859375
2017-05-02,1452.8199462890625
2017-05-03,1490.0899658203125
2017-05-04,1537.6700439453125
2017-05-05,1555.449951171875
2017-05-06,1578.800048828125
2017-05-07,1596.7099609375
2017-05-08,1723.3499755859375
2017-05-09,1755.3599853515625
2017-05-10,1787.1300048828125
2017-05-11,1848.5699462890625
2017-05-12,1724.239990234375
2017-05-13,1804.9100341796875
2017-05-14,1808.9100341796875
2017-05-15,1738.4300537109375
2017-05-16,1734.449951171875
2017-05-17,1839.0899658203125
2017-05-18,1888.6500244140625
2017-05-19,1987.7099609375
2017-05-20,2084.72998046875
2017-05-21,2041.199951171875
2017-05-22,2173.39990234375
2017-05-23,2320.419921875
2017-05-24,2443.639892578125
2017-05-25,2304.97998046875
2017-05-26,2202.419921875
2017-05-27,2038.8699951171875
2017-05-28,2155.800048828125
2017-05-29,2255.610107421875
2017-05-30,2175.469970703125
2017-05-31,2286.409912109375
2017-06-01,2407.8798828125
2017-06-02,2488.550048828125
2017-06-03,2515.35009765625
2017-06-04,2511.81005859375
2017-06-05,2686.81005859375
2017-06-06,2863.199951171875
2017-06-07,2732.159912109375
2017-06-08,2805.6201171875
2017-06-09,2823.81005859375
2017-06-10,2947.7099609375
2017-06-11,2958.110107421875
2017-06-12,2659.6298828125
2017-06-13,2717.02001953125
2017-06-14,2506.3701171875
2017-06-15,2464.580078125
2017-06-16,2518.56005859375
2017-06-17,2655.8798828125
2017-06-18,2548.2900390625
2017-06-19,2589.60009765625
2017-06-20,2721.7900390625
2017-06-21,2689.10009765625
2017-06-22,2705.409912109375
2017-06-23,2744.909912109375
2017-06-24,2608.719970703125
2017-06-25,2589.409912109375
2017-06-26,2478.449951171875
2017-06-27,2552.449951171875
2017-06-28,2574.7900390625
2017-06-29,2539.320068359375
2017-06-30,2480.840087890625
2017-07-01,2434.550048828125
2017-07-02,2506.469970703125
2017-07-03,2564.06005859375
2017-07-04,2601.639892578125
2017-07-05,2601.989990234375
2017-07-06,2608.56005859375
2017-07-07,2518.659912109375
2017-07-08,2571.340087890625
2017-07-09,2518.43994140625
2017-07-10,2372.56005859375
2017-07-11,2337.7900390625
2017-07-12,2398.840087890625
2017-07-13,2357.89990234375
2017-07-14,2233.340087890625
2017-07-15,1998.8599853515625
2017-07-16,1929.8199462890625
2017-07-17,2228.409912109375
2017-07-18,2318.8798828125
2017-07-19,2273.429931640625
2017-07-20,2817.60009765625
2017-07-21,2667.760009765625
2017-07-22,2810.1201171875
2017-07-23,2730.39990234375
2017-07-24,2754.860107421875
2017-07-25,2576.47998046875
2017-07-26,2529.449951171875
2017-07-27,2671.780029296875
2017-07-28,2809.010009765625
2017-07-29,2726.449951171875
2017-07-30,2757.179931640625
2017-07-31,2875.340087890625
2017-08-01,2718.260009765625
2017-08-02,2710.669921875
2017-08-03,2804.72998046875
2017-08-04,2895.889892578125
2017-08-05,3252.909912109375
2017-08-06,3213.93994140625
2017-08-07,3378.93994140625
2017-08-08,3419.93994140625
2017-08-09,3342.469970703125
2017-08-10,3381.280029296875
2017-08-11,3650.6201171875
2017-08-12,3884.7099609375
2017-08-13,4073.260009765625
2017-08-14,4325.1298828125
2017-08-15,4181.93017578125
2017-08-16,4376.6298828125
2017-08-17,4331.68994140625
2017-08-18,4160.6201171875
2017-08-19,4193.7001953125
2017-08-20,4087.659912109375
2017-08-21,4001.739990234375
2017-08-22,4100.52001953125
2017-08-23,4151.52001953125
2017-08-24,4334.68017578125
2017-08-25,4371.60009765625
2017-08-26,4352.39990234375
2017-08-27,4382.8798828125
2017-08-28,4382.66015625
2017-08-29,4579.02001953125
2017-08-30,4565.2998046875
2017-08-31,4703.39013671875
2017-09-01,4892.009765625
2017-09-02,4578.77001953125
2017-09-03,4582.9599609375
2017-09-04,4236.31005859375
2017-09-05,4376.52978515625
2017-09-06,4597.1201171875
2017-09-07,4599.8798828125
2017-09-08,4228.75
2017-09-09,4226.06005859375
2017-09-10,4122.93994140625
2017-09-11,4161.27001953125
2017-09-12,4130.81005859375
2017-09-13,3882.590087890625
2017-09-14,3154.949951171875
2017-09-15,3637.52001953125
2017-09-16,3625.0400390625
2017-09-17,3582.8798828125
2017-09-18,4065.199951171875
2017-09-19,3924.969970703125
2017-09-20,3905.949951171875
2017-09-21,3631.0400390625
2017-09-22,3630.699951171875
2017-09-23,3792.39990234375
2017-09-24,3682.840087890625
2017-09-25,3926.070068359375
2017-09-26,3892.35009765625
2017-09-27,4200.669921875
2017-09-28,4174.72998046875
2017-09-29,4163.06982421875
2017-09-30,4338.7099609375
2017-10-01,4403.740234375
2017-10-02,4409.31982421875
2017-10-03,4317.47998046875
2017-10-04,4229.35986328125
2017-10-05,4328.41015625
2017-10-06,4370.81005859375
2017-10-07,4426.89013671875
2017-10-08,4610.47998046875
2017-10-09,4772.02001953125
2017-10-10,4781.990234375
2017-10-11,4826.47998046875
2017-10-12,5446.91015625
2017-10-13,5647.2099609375
2017-10-14,5831.7900390625
2017-10-15,5678.18994140625
2017-10-16,5725.58984375
2017-10-17,5605.509765625
2017-10-18,5590.68994140625
2017-10-19,5708.52001953125
2017-10-20,6011.4501953125
2017-10-21,6031.60009765625
2017-10-22,6008.419921875
2017-10-23,5930.31982421875
2017-10-24,5526.64013671875
2017-10-25,5750.7998046875
2017-10-26,5904.830078125
2017-10-27,5780.89990234375
2017-10-28,5753.08984375
2017-10-29,6153.85009765625
2017-10-30,6130.52978515625
2017-10-31,6468.39990234375
2017-11-01,6767.31005859375
2017-11-02,7078.5
2017-11-03,7207.759765625
2017-11-04,7379.9501953125
2017-11-05,7407.41015625
2017-11-06,7022.759765625
2017-11-07,7144.3798828125
2017-11-08,7459.68994140625
2017-11-09,7143.580078125
2017-11-10,6618.14013671875
2017-11-11,6357.60009765625
2017-11-12,5950.06982421875
2017-11-13,6559.490234375
2017-11-14,6635.75
2017-11-15,7315.5400390625
2017-11-16,7871.68994140625
2017-11-17,7708.990234375
2017-11-18,7790.14990234375
2017-11-19,8036.490234375
2017-11-20,8200.6396484375
2017-11-21,8071.259765625
2017-11-22,8253.5498046875
2017-11-23,8038.77001953125
2017-11-24,8253.6904296875
2017-11-25,8790.919921875
2017-11-26,9330.5498046875
2017-11-27,9818.349609375
2017-11-28,10058.7998046875
2017-11-29,9888.6103515625
2017-11-30,10233.599609375
2017-12-01,10975.599609375
2017-12-02,11074.599609375
2017-12-03,11323.2001953125
2017-12-04,11657.2001953125
2017-12-05,11916.7001953125
2017-12-06,14291.5
2017-12-07,17899.69921875
2017-12-08,16569.400390625
2017-12-09,15178.2001953125
2017-12-10,15455.400390625
2017-12-11,16936.80078125
2017-12-12,17415.400390625
2017-12-13,16408.19921875
2017-12-14,16564.0
2017-12-15,17706.900390625
2017-12-16,19497.400390625
2017-12-17,19140.80078125
2017-12-18,19114.19921875
2017-12-19,17776.69921875
2017-12-20,16624.599609375
2017-12-21,15802.900390625
2017-12-22,13831.7998046875
2017-12-23,14699.2001953125
2017-12-24,13925.7998046875
2017-12-25,14026.599609375
2017-12-26,16099.7998046875
2017-12-27,15838.5
2017-12-28,14606.5
2017-12-29,14656.2001953125
2017-12-30,12952.2001953125
2017-12-31,14156.400390625
2018-01-01,13657.2001953125
2018-01-02,14982.099609375
2018-01-03,15201.0
2018-01-04,15599.2001953125
2018-01-05,17429.5
2018-01-06,17527.0
2018-01-07,16477.599609375
2018-01-08,15170.099609375
2018-01-09,14595.400390625
2018-01-10,14973.2998046875
2018-01-11,13405.7998046875
2018-01-12,13980.599609375
2018-01-13,14360.2001953125
2018-01-14,13772.0
2018-01-15,13819.7998046875
2018-01-16,11490.5
2018-01-17,11188.599609375
2018-01-18,11474.900390625
2018-01-19,11607.400390625
2018-01-20,12899.2001953125
2018-01-21,11600.099609375
2018-01-22,10931.400390625
2018-01-23,10868.400390625
2018-01-24,11359.400390625
2018-01-25,11259.400390625
2018-01-26,11171.400390625
2018-01-27,11440.7001953125
2018-01-28,11786.2998046875
2018-01-29,11296.400390625
2018-01-30,10106.2998046875
2018-01-31,10221.099609375
2018-02-01,9170.5400390625
2018-02-02,8830.75
2018-02-03,9174.91015625
2018-02-04,8277.009765625
2018-02-05,6955.27001953125
2018-02-06,7754.0
2018-02-07,7621.2998046875
2018-02-08,8265.58984375
2018-02-09,8736.98046875
2018-02-10,8621.900390625
2018-02-11,8129.97021484375
2018-02-12,8926.5703125
2018-02-13,8598.3095703125
2018-02-14,9494.6298828125
2018-02-15,10166.400390625
2018-02-16,10233.900390625
2018-02-17,11112.7001953125
2018-02-18,10551.7998046875
2018-02-19,11225.2998046875
2018-02-20,11403.7001953125
2018-02-21,10690.400390625
2018-02-22,10005.0
2018-02-23,10301.099609375
2018-02-24,9813.0703125
2018-02-25,9664.73046875
2018-02-26,10366.7001953125
2018-02-27,10725.599609375
2018-02-28,10397.900390625
2018-03-01,10951.0
2018-03-02,11086.400390625
2018-03-03,11489.7001953125
2018-03-04,11512.599609375
2018-03-05,11573.2998046875
2018-03-06,10779.900390625
2018-03-07,9965.5703125
2018-03-08,9395.009765625
2018-03-09,9337.5498046875
2018-03-10,8866.0
2018-03-11,9578.6298828125
2018-03-12,9205.1201171875
2018-03-13,9194.849609375
2018-03-14,8269.8095703125
2018-03-15,8300.8603515625
2018-03-16,8338.349609375
2018-03-17,7916.8798828125
2018-03-18,8223.6796875
2018-03-19,8630.650390625
2018-03-20,8913.4697265625
2018-03-21,8929.2802734375
2018-03-22,8728.4697265625
2018-03-23,8879.6201171875
2018-03-24,8668.1201171875
2018-03-25,8495.7802734375
2018-03-26,8209.400390625
2018-03-27,7833.0400390625
2018-03-28,7954.47998046875
2018-03-29,7165.7001953125
2018-03-30,6890.52001953125
2018-03-31,6973.52978515625
2018-04-01,6844.22998046875
2018-04-02,7083.7998046875
2018-04-03,7456.10986328125
2018-04-04,6853.83984375
2018-04-05,6811.47021484375
2018-04-06,6636.31982421875
2018-04-07,6911.08984375
2018-04-08,7023.52001953125
2018-04-09,6770.72998046875
2018-04-10,6834.759765625
2018-04-11,6968.31982421875
2018-04-12,7889.25
2018-04-13,7895.9599609375
2018-04-14,7986.240234375
2018-04-15,8329.1103515625
2018-04-16,8058.669921875
2018-04-17,7902.08984375
2018-04-18,8163.419921875
2018-04-19,8294.3095703125
2018-04-20,8845.830078125
2018-04-21,8895.580078125
2018-04-22,8802.4599609375
2018-04-23,8930.8798828125
2018-04-24,9697.5
2018-04-25,8845.740234375
2018-04-26,9281.509765625
2018-04-27,8987.0498046875
2018-04-28,9348.48046875
2018-04-29,9419.080078125
2018-04-30,9240.5498046875
2018-05-01,9119.009765625
2018-05-02,9235.919921875
2018-05-03,9743.8603515625
2018-05-04,9700.759765625
2018-05-05,9858.150390625
2018-05-06,9654.7998046875
2018-05-07,9373.009765625
2018-05-08,9234.8203125
2018-05-09,9325.1796875
2018-05-10,9043.9404296875
2018-05-11,8441.490234375
2018-05-12,8504.8896484375
2018-05-13,8723.9404296875
2018-05-14,8716.7900390625
2018-05-15,8510.3798828125
2018-05-16,8368.830078125
2018-05-17,8094.31982421875
2018-05-18,8250.9697265625
2018-05-19,8247.1796875
2018-05-20,8513.25
2018-05-21,8418.990234375
2018-05-22,8041.77978515625
2018-05-23,7557.81982421875
2018-05-24,7587.33984375
2018-05-25,7480.14013671875
2018-05-26,7355.8798828125
2018-05-27,7368.22021484375
2018-05-28,7135.990234375
2018-05-29,7472.58984375
2018-05-30,7406.52001953125
2018-05-31,7494.169921875
2018-06-01,7541.4501953125
2018-06-02,7643.4501953125
2018-06-03,7720.25
2018-06-04,7514.47021484375
2018-06-05,7633.759765625
2018-06-06,7653.97998046875
2018-06-07,7678.240234375
2018-06-08,7624.919921875
2018-06-09,7531.97998046875
2018-06-10,6786.02001953125
2018-06-11,6906.919921875
2018-06-12,6582.35986328125
2018-06-13,6349.89990234375
2018-06-14,6675.35009765625
2018-06-15,6456.580078125
2018-06-16,6550.16015625
2018-06-17,6499.27001953125
2018-06-18,6734.81982421875
2018-06-19,6769.93994140625
2018-06-20,6776.5498046875
2018-06-21,6729.740234375
2018-06-22,6083.68994140625
2018-06-23,6162.47998046875
2018-06-24,6173.22998046875
2018-06-25,6249.18017578125
2018-06-26,6093.669921875
2018-06-27,6157.1298828125
2018-06-28,5903.43994140625
2018-06-29,6218.2998046875
2018-06-30,6404.0
2018-07-01,6385.81982421875
2018-07-02,6614.18017578125
2018-07-03,6529.58984375
2018-07-04,6597.5498046875
2018-07-05,6639.14013671875
2018-07-06,6673.5
2018-07-07,6856.93017578125
2018-07-08,6773.8798828125
2018-07-09,6741.75
2018-07-10,6329.9501953125
2018-07-11,6394.7099609375
2018-07-12,6228.81005859375
2018-07-13,6238.0498046875
2018-07-14,6276.1201171875
2018-07-15,6359.64013671875
2018-07-16,6741.75
2018-07-17,7321.0400390625
2018-07-18,7370.77978515625
2018-07-19,7466.85986328125
2018-07-20,7354.1298828125
2018-07-21,7419.2900390625
2018-07-22,7418.490234375
2018-07-23,7711.10986328125
2018-07-24,8424.26953125
2018-07-25,8181.39013671875
2018-07-26,7951.580078125
2018-07-27,8165.009765625
2018-07-28,8192.150390625
2018-07-29,8218.4599609375
2018-07-30,8180.48
2018-07-31,7780.44
2018-08-01,7624.91
2018-08-02,7567.15
2018-08-03,7434.39
2018-08-04,7032.85
2018-08-05,7068.48
2018-08-06,6951.8
2018-08-07,6753.12
2018-08-08,6305.8
2018-08-09,6568.23
2018-08-10,6184.71
2018-08-11,6295.73
2018-08-12,6322.69
2018-08-13,6297.57
2018-08-14,6199.71
2018-08-15,6308.52
2018-08-16,6334.73
2018-08-17,6580.63
2018-08-18,6423.76
2018-08-19,6506.07
2018-08-20,6308.53
2018-08-21,6488.76
2018-08-22,6376.71
2018-08-23,6534.88
2018-08-24,6719.96
2018-08-25,6763.19
2018-08-26,6707.26
2018-08-27,6884.64
2018-08-28,7096.28
2018-08-29,7047.16
2018-08-30,6978.23
2018-08-31,7037.58
2018-09-01,7193.25
2018-09-02,7272.72
2018-09-03,7260.06
2018-09-04,7361.66
2018-09-05,6792.83
2018-09-06,6529.17
2018-09-07,6467.07
2018-09-08,6225.98
2018-09-09,6300.86
2018-09-10,6329.7
2018-09-11,6321.2
2018-09-12,6351.8
2018-09-13,6517.31
2018-09-14,6512.71
2018-09-15,6543.2
2018-09-16,6517.18
2018-09-17,6281.2
2018-09-18,6371.3
2018-09-19,6398.54
2018-09-20,6519.67
2018-09-21,6734.95
2018-09-22,6721.98
2018-09-23,6710.63
2018-09-24,6595.41
2018-09-25,6446.47
2018-09-26,6495.0
2018-09-27,6676.75
2018-09-28,6644.13
2018-09-29,6601.96
2018-09-30,6625.56
2018-10-01,6589.62
2018-10-02,6556.1
2018-10-03,6502.59
2018-10-04,6576.69
2018-10-05,6622.48
2018-10-06,6588.31
2018-10-07,6602.95
2018-10-08,6652.23
2018-10-09,6642.64
2018-10-10,6585.53
2018-10-11,6256.24
2018-10-12,6274.58
2018-10-13,6285.99
2018-10-14,6290.93
2018-10-15,6596.54
2018-10-16,6596.11
2018-10-17,6544.43
2018-10-18,6476.71
2018-10-19,6465.41
2018-10-20,6489.19
2018-10-21,6482.35
2018-10-22,6487.16
2018-10-23,6475.74
2018-10-24,6495.84
2018-10-25,6476.29
2018-10-26,6474.75
2018-10-27,6480.38
2018-10-28,6486.39
2018-10-29,6332.63
2018-10-30,6334.27
2018-10-31,6317.61
2018-11-01,6377.78
2018-11-02,6388.44
2018-11-03,6361.26
2018-11-04,6376.13
2018-11-05,6419.66
2018-11-06,6461.01
2018-11-07,6530.14
2018-11-08,6453.72
2018-11-09,6385.62
2018-11-10,6409.22
2018-11-11,6411.27
2018-11-12,6371.27
2018-11-13,6359.49
2018-11-14,5738.35
2018-11-15,5648.03
2018-11-16,5575.55
2018-11-17,5554.33
2018-11-18,5623.54
2018-11-19,4871.49
2018-11-20,4451.87
2018-11-21,4602.17
2018-11-22,4365.94
2018-11-23,4347.11
2018-11-24,3880.76
2018-11-25,4009.97
2018-11-26,3779.13
2018-11-27,3820.72
2018-11-28,4257.42
2018-11-29,4278.84645524
2018-11-30,4017.26845712
2018-12-01,4214.67193177
2018-12-02,4139.8780641
2018-12-03,3894.1309069
2018-12-04,3956.89386975
2018-12-05,3753.99482663
2018-12-06,3521.10172384
2018-12-07,3419.93720035
2018-12-08,3476.11471452
2018-12-09,3614.23427278
2018-12-10,3502.65599577
2018-12-11,3424.58807495
2018-12-12,3486.95014412
2018-12-13,3313.67725772
2018-12-14,3242.48476281
2018-12-15,3236.76164502
2018-12-16,3252.83902595
2018-12-17,3545.86476058
2018-12-18,3696.05912776
2018-12-19,3745.95076478
2018-12-20,4134.44120304
2018-12-21,3896.54371704
2018-12-22,4014.18251388
2018-12-23,3998.98034184
2018-12-24,4078.59919478
2018-12-25,3815.49060966
2018-12-26,3857.29751969
2018-12-27,3654.83353854
2018-12-28,3923.91859424
2018-12-29,3820.40868219
2018-12-30,3865.95257679
2018-12-31,3742.70033544
2019-01-01,3843.51996727
2019-01-02,3943.40933686
2019-01-03,3836.74131867
2019-01-04,3857.71761887
2019-01-05,3845.19446017
2019-01-06,4076.63268458
2019-01-07,4025.24828708
2019-01-08,4030.84799935
2019-01-09,4035.29636921
2019-01-10,3678.92468128
2019-01-11,3687.3654818
2019-01-12,3661.30098975
2019-01-13,3552.95306759
2019-01-14,3706.05222041
2019-01-15,3630.67522467
2019-01-16,3655.00688578
2019-01-17,3678.56397636
2019-01-18,3657.83943502
2019-01-19,3728.56836493
2019-01-20,3601.0135915
2019-01-21,3576.03243928
2019-01-22,3604.57705248
2019-01-23,3585.12306636
2019-01-24,3600.86550122
2019-01-25,3599.7658879
2019-01-26,3602.46043861
2019-01-27,3583.96576317
2019-01-28,3470.45054223
2019-01-29,3448.11702209
2019-01-30,3486.18175093
2019-01-31,3457.79274724
2019-02-01,3487.94538683
2019-02-02,3521.06078726
2019-02-03,3464.01332586
2019-02-04,3459.15414635
2019-02-05,3466.35743916
2019-02-06,3413.7677183
2019-02-07,3399.47164359
2019-02-08,3666.78035061
2019-02-09,3671.20370545
2019-02-10,3690.18824383
2019-02-11,3648.43062774
2019-02-12,3653.52864497
2019-02-13,3632.07060268
2019-02-14,3616.88097021
2019-02-15,3620.81075285
2019-02-16,3629.78749138
2019-02-17,3673.83629289
2019-02-18,3915.71447331
2019-02-19,3947.09440657
2019-02-20,3999.82050882
2019-02-21,3954.1182433
2019-02-22,4005.52660406
2019-02-23,4142.52692999
2019-02-24,3810.42743065
2019-02-25,3882.69629339
2019-02-26,3854.35793575
2019-02-27,3851.04747978
2019-02-28,3854.78528208
2019-03-01,3859.58375221
2019-03-02,3864.41510673
2019-03-03,3847.17569934
2019-03-04,3761.55701842
2019-03-05,3896.37502308
2019-03-06,3903.9425832
2019-03-07,3911.4842891
2019-03-08,3901.13162355
2019-03-09,3963.31374243
2019-03-10,3951.59982769
2019-03-11,3905.22731979
2019-03-12,3909.15620907
2019-03-13,3906.71716859
2019-03-14,3924.369118
2019-03-15,3960.91118728
2019-03-16,4048.72590374
2019-03-17,4025.22897966
2019-03-18,4032.50738522
2019-03-19,4071.19020004
2019-03-20,4087.47629856
2019-03-21,4029.32690706
2019-03-22,4023.96816173
2019-03-23,4035.82635079
2019-03-24,4022.1682822
2019-03-25,3963.07065416
2019-03-26,3985.08080287
2019-03-27,4087.06622992
2019-03-28,4069.10714977
2019-03-29,4098.37454059
2019-03-30,4106.66008466
2019-03-31,4105.40429618
2019-04-01,4158.18307045
2019-04-02,4879.87782845
2019-04-03,4973.02181522
2019-04-04,4922.79878778
2019-04-05,5036.68110011
2019-04-06,5059.81718799
2019-04-07,5198.89699014
2019-04-08,5289.77104039
2019-04-09,5204.95837847
2019-04-10,5324.5518687
2019-04-11,5064.48767243
2019-04-12,5089.53891201
2019-04-13,5096.58656276
2019-04-14,5167.72236684
2019-04-15,5067.10847228
2019-04-16,5235.55941893
2019-04-17,5251.93818854
2019-04-18,5298.38569881
2019-04-19,5303.81261613
2019-04-20,5337.8861323
2019-04-21,5314.5314532
2019-04-22,5399.36541009
2019-04-23,5572.36206051
2019-04-24,5464.86664182
2019-04-25,5210.51555862
2019-04-26,5279.34821147
2019-04-27,5268.29106346
2019-04-28,5285.13900822
2019-04-29,5247.35253746
2019-04-30,5350.72669668
2019-05-01,5402.69709069
2019-05-02,5505.28367176
2019-05-03,5768.28940693
2019-05-04,5831.16747167
2019-05-05,5795.70842926
2019-05-06,5746.80700343
2019-05-07,5829.50151628
2019-05-08,5982.45732286
2019-05-09,6174.52868876
2019-05-10,6378.8489737
2019-05-11,7204.77169716
2019-05-12,6972.37152291
2019-05-13,7814.91513992
2019-05-14,7994.41615632
2019-05-15,8205.16749484
2019-05-16,7884.90929094
2019-05-17,7343.89571659
2019-05-18,7271.20790408
2019-05-19,8197.68969114
2019-05-20,7978.30907244
2019-05-21,7963.32777911
2019-05-22,7680.06654589
2019-05-23,7881.84672105
2019-05-24,7987.37156583
2019-05-25,8052.54385907
2019-05-26,8673.21603511
2019-05-27,8805.7783766
2019-05-28,8719.9617362
2019-05-29,8659.48775584
2019-05-30,8319.47222898
2019-05-31,8574.50164907
2019-06-01,8564.01647182
2019-06-02,8742.95810038
2019-06-03,8208.99482964
2019-06-04,7707.77077085
2019-06-05,7824.23153913
2019-06-06,7822.02338228
2019-06-07,8043.95135807
2019-06-08,7954.12772355
2019-06-09,7688.07711075
2019-06-10,8000.32982299
2019-06-11,7927.71435114
2019-06-12,8145.85747373
2019-06-13,8230.92383068
2019-06-14,8693.83281543
2019-06-15,8838.37523367
2019-06-16,8994.48801293
2019-06-17,9320.35218253
2019-06-18,9081.76285149
2019-06-19,9273.52176614
2019-06-20,9527.16035008
2019-06-21,10144.5567168
2019-06-22,10701.691013
2019-06-23,10855.3710156
2019-06-24,11011.1024485
2019-06-25,11790.916533
2019-06-26,13016.2317442
2019-06-27,11182.8062855
2019-06-28,12407.331998
2019-06-29,11959.3709764
2019-06-30,10817.1555981
2019-07-01,10583.1345195
2019-07-02,10801.6779238
2019-07-03,11961.2693412
2019-07-04,11215.4375483
2019-07-05,10978.4599518
2019-07-06,11208.5508454
2019-07-07,11450.8467553
2019-07-08,12285.958217
2019-07-09,12573.8129407
2019-07-10,12156.5126313
2019-07-11,11358.661752
2019-07-12,11815.9866867
2019-07-13,11392.3793357
2019-07-14,10256.0582756
2019-07-15,10895.0893874
2019-07-16,9477.64204235
2019-07-17,9693.80272448
2019-07-18,10666.4828491
2019-07-19,10530.7326264
2019-07-20,10767.1395226
2019-07-21,10599.1053965
2019-07-22,10343.1061684
2019-07-23,9900.76801058
2019-07-24,9811.92618837
2019-07-25,9911.84226491
2019-07-26,9870.30353766
2019-07-27,9477.67767811
2019-07-28,9552.86043541
2019-07-29,9519.14591371
2019-07-30,9607.42368665
2019-07-31,10085.6277491
2019-08-01,10399.6694229
2019-08-02,10518.1746772
2019-08-03,10821.7265103
2019-08-04,10970.1842157
2019-08-05,11805.6537253
2019-08-06,11478.1693461
2019-08-07,11941.9683406
2019-08-08,11966.407405
2019-08-09,11862.93676
2019-08-10,11354.0242177
2019-08-11,11523.5793784
2019-08-12,11382.6159562
2019-08-13,10895.8304358
2019-08-14,10051.7039313
2019-08-15,10311.545429
2019-08-16,10374.3393471
2019-08-17,10231.7438454
2019-08-18,10345.8103795
2019-08-19,10916.0538702
2019-08-20,10763.2326304
2019-08-21,10138.049355
2019-08-22,10131.0561021
2019-08-23,10407.965329
2019-08-24,10159.9605385
2019-08-25,10138.517665
2019-08-26,10370.8201605
2019-08-27,10185.4998997
2019-08-28,9754.42327325
2019-08-29,9510.20054413
2019-08-30,9598.17364826
2019-08-31,9630.66384768
2019-09-01,9757.97031807
2019-09-02,10346.7607927
2019-09-03,10623.5401172
2019-09-04,10594.4933536
2019-09-05,10575.533284
2019-09-06,10353.3025592
2019-09-07,10517.254784
2019-09-08,10441.275979
2019-09-09,10334.9741628
2019-09-10,10115.9757913
2019-09-11,10178.3718893
2019-09-12,10410.1268031
2019-09-13,10360.5472773
2019-09-14,10358.0491621
2019-09-15,10347.7129074
2019-09-16,10276.7935649
2019-09-17,10241.2721545
2019-09-18,10198.2484072
2019-09-19,10266.4149694
2019-09-20,10181.6413094
2019-09-21,10019.7169101
2019-09-22,10070.3921064
2019-09-23,9729.32376435
2019-09-24,8620.56642733
2019-09-25,8486.99297206
2019-09-26,8118.96756783
2019-09-27,8251.84555744
2019-09-28,8245.91515478
2019-09-29,8104.18567564
2019-09-30,8293.86774062
2019-10-01,8343.2766814
2019-10-02,8393.04164486
2019-10-03,8259.99197863
2019-10-04,8205.93924121
2019-10-05,8151.50052921
2019-10-06,7988.15595888
2019-10-07,8245.622933
2019-10-08,8228.7831528
2019-10-09,8595.73981722
2019-10-10,8586.47342543
2019-10-11,8321.75671178
2019-10-12,8336.55527417
2019-10-13,8321.00574668
2019-10-14,8374.6864467
2019-10-15,8205.36931588
2019-10-16,8047.52686305
2019-10-17,8103.91137325
2019-10-18,7973.20744597
2019-10-19,7988.56044241
2019-10-20,8222.07826034
2019-10-21,8243.72113905
2019-10-22,8078.20332194
2019-10-23,7514.67201276
2019-10-24,7493.48873154
2019-10-25,8660.70063696
2019-10-26,9244.97220867
2019-10-27,9551.7149631
2019-10-28,9256.14838876
2019-10-29,9427.68758384
2019-10-30,9205.72655905
2019-10-31,9199.58483269
2019-11-01,9261.104352
2019-11-02,9324.71776331
2019-11-03,9235.35487947
2019-11-04,9412.61187106
2019-11-05,9342.52717939
2019-11-06,9360.87991187
2019-11-07,9267.56114253
2019-11-08,8804.88071936
2019-11-09,8813.58248677
2019-11-10,9055.52605732
2019-11-11,8757.78854226
2019-11-12,8815.66253925
2019-11-13,8808.2625823
2019-11-14,8708.09509517
2019-11-15,8491.99201234
2019-11-16,8550.76055694
2019-11-17,8577.9757816
2019-11-18,8309.28598342
2019-11-19,8206.14591807
2019-11-20,8027.26824331
2019-11-21,7642.74994484
2019-11-22,7296.57756843
2019-11-23,7397.7968154
2019-11-24,7047.91688176
2019-11-25,7146.13390214
2019-11-26,7218.37133433
2019-11-27,7531.6636446
2019-11-28,7463.1061283
2019-11-29,7761.24360172
2019-11-30,7569.63012202
2019-12-01,7424.29226516
2019-12-02,7321.98811242
2019-12-03,7320.1454684
2019-12-04,7252.03458617
2019-12-05,7448.30752084
2019-12-06,7546.99669772
2019-12-07,7556.23803387
2019-12-08,7564.3454032
2019-12-09,7400.89935576
2019-12-10,7278.1197833
2019-12-11,7217.4271152
2019-12-12,7243.13436273
2019-12-13,7269.68455922
2019-12-14,7124.67396997
2019-12-15,7152.30184412
2019-12-16,6932.48038982
2019-12-17,6640.51524608
2019-12-18,7276.80277047
2019-12-19,7202.84436364
2019-12-20,7218.81638679
2019-12-21,7191.15846913
2019-12-22,7511.58904232
2019-12-23,7355.62826671
2019-12-24,7322.5324589
2019-12-25,7275.15572845
2019-12-26,7238.96702501
2019-12-27,7290.08851803
2019-12-28,7317.99003408
2019-12-29,7422.65258898
2019-12-30,7292.99507783
2019-12-31,7193.59897843
2020-01-01,7200.17439274
2020-01-02,6985.47000061
2020-01-03,7344.88418341
2020-01-04,7410.65656642
2020-01-05,7411.31732676
2020-01-06,7769.21903905
2020-01-07,8163.69223944
2020-01-08,8079.86277673
2020-01-09,7879.07152428
2020-01-10,8166.55414039
2020-01-11,8037.53738872
2020-01-12,8192.49400532
2020-01-13,8144.19451744
2020-01-14,8827.76442606
2020-01-15,8807.01027532
2020-01-16,8723.78576573
2020-01-17,8929.0376776
2020-01-18,8942.80890321
2020-01-19,8706.24512993
2020-01-20,8657.64293942
2020-01-21,8745.89478833
2020-01-22,8680.87604222
2020-01-23,8406.5160678
2020-01-24,8445.43428152
2020-01-25,8367.84777344
2020-01-26,8596.82983316
2020-01-27,8909.81917753
2020-01-28,9358.59031703
2020-01-29,9316.62950445
2020-01-30,9508.9935947
2020-01-31,9350.52936518
2020-02-01,9392.87536841
2020-02-02,9344.36529292
2020-02-03,9293.52108908
2020-02-04,9180.9629665
2020-02-05,9613.42428895
2020-02-06,9729.80223149
2020-02-07,9795.94377253
2020-02-08,9865.11946905
2020-02-09,10116.673759
2020-02-10,9856.61149362
2020-02-11,10208.2362609
2020-02-12,10326.0545246
2020-02-13,10214.3794638
2020-02-14,10312.1160909
2020-02-15,9889.42462838
2020-02-16,9934.43339025
2020-02-17,9690.14261814
2020-02-18,10141.9963705
2020-02-19,9633.38688518
2020-02-20,9608.47590343
2020-02-21,9686.44119763
2020-02-22,9663.18182933
2020-02-23,9924.51522822
2020-02-24,9650.17480677
2020-02-25,9341.70516876
2020-02-26,8820.52220005
2020-02-27,8784.49384867
2020-02-28,8672.45534996
2020-02-29,8599.50861972
2020-03-01,8562.45405008
2020-03-02,8869.67031078
2020-03-03,8787.78645576
2020-03-04,8755.24589461
2020-03-05,9078.76279174
2020-03-06,9122.54557333
2020-03-07,8909.9536515
2020-03-08,8108.11629101
2020-03-09,7923.6447033
2020-03-10,7909.72939346
2020-03-11,7911.43012933
2020-03-12,4970.78790105
2020-03-13,5563.70689169
2020-03-14,5200.36626392
2020-03-15,5392.31488002
2020-03-16,5014.47997748
2020-03-17,5225.62919259
2020-03-18,5238.43857664
2020-03-19,6191.19295222
2020-03-20,6198.77820508
2020-03-21,6185.06651501
2020-03-22,5830.25479765
2020-03-23,6416.31475839
2020-03-24,6734.80378045
2020-03-25,6681.06312656
2020-03-26,6716.44054866
2020-03-27,6469.79813509
2020-03-28,6242.1938684
2020-03-29,5922.0431227
2020-03-30,6429.84193389
2020-03-31,6438.64476637
2020-04-01,6606.77626829
2020-04-02,6793.62459642
2020-04-03,6733.3873906
2020-04-04,6867.52731596
2020-04-05,6791.12944093
2020-04-06,7271.7811527
2020-04-07,7176.41450049
2020-04-08,7334.09845346
2020-04-09,7302.0895105
2020-04-10,6865.49337195
2020-04-11,6859.08296343
2020-04-12,6971.09159108
2020-04-13,6845.03769683
2020-04-14,6842.42786097
2020-04-15,6642.10989286
2020-04-16,7116.80421777
2020-04-17,7096.18465879
2020-04-18,7257.66485847
2020-04-19,7189.42482356
2020-04-20,6881.95869275
2020-04-21,6880.32347375
2020-04-22,7117.20747869
2020-04-23,7429.72464927
2020-04-24,7550.90102725
2020-04-25,7569.93603405
2020-04-26,7679.86720422
2020-04-27,7795.60083451
2020-04-28,7807.05845106
2020-04-29,8801.03776688
2020-04-30,8658.55417975
2020-05-01,8864.76680793
2020-05-02,8988.5962069
2020-05-03,8897.46850985
2020-05-04,8912.65460539
2020-05-05,9003.07017834
2020-05-06,9268.76208066
2020-05-07,9951.5187451
2020-05-08,9842.66636785
2020-05-09,9593.89673363
2020-05-10,8756.43114193
2020-05-11,8601.79620238
2020-05-12,8804.47781074
2020-05-13,9269.98770576
2020-05-14,9733.72147137
2020-05-15,9328.19722645
2020-05-16,9377.0140257
2020-05-17,9670.73937122
2020-05-18,9726.5748149
2020-05-19,9729.0379192
2020-05-20,9522.98115678
2020-05-21,9081.76202252
2020-05-22,9182.57751787
2020-05-23,9209.28742769
2020-05-24,8790.36800074
2020-05-25,8906.93476142
2020-05-26,8835.05306073
2020-05-27,9181.01794762
2020-05-28,9525.7510947
2020-05-29,9439.12439045
2020-05-30,9700.41407169
2020-05-31,9461.05891806
2020-06-01,10167.2681012
2020-06-02,9529.80414872
2020-06-03,9656.71776526
2020-06-04,9800.63659532
2020-06-05,9665.53278908
2020-06-06,9653.67926335
2020-06-07,9758.8524174
2020-06-08,9771.48948366
2020-06-09,9795.70019463
2020-06-10,9870.09445278
2020-06-11,9321.78129819
2020-06-12,9480.84378943
2020-06-13,9475.27733834
2020-06-14,9386.78789214
2020-06-15,9450.70198692
2020-06-16,9538.0243743
2020-06-17,9480.25536624
2020-06-18,9411.84046197
2020-06-19,9288.01871603
2020-06-20,9332.340762
2020-06-21,9303.62971409
2020-06-22,9648.71760979
2020-06-23,9629.65836578
2020-06-24,9313.61034868
2020-06-25,9264.81304308
2020-06-26,9162.91760386
2020-06-27,9045.39095672
2020-06-28,9143.58219104
2020-06-29,9190.85446467
2020-06-30,9137.99340026
2020-07-01,9228.32559024
2020-07-02,9123.41015432
2020-07-03,9087.30391103
2020-07-04,9132.48795051
2020-07-05,9073.94286936
2020-07-06,9375.47475925
2020-07-07,9252.27750386
2020-07-08,9428.3330848
2020-07-09,9277.96790642
2020-07-10,9278.8078672
2020-07-11,9240.34632654
2020-07-12,9276.49985018
2020-07-13,9243.61385509
2020-07-14,9243.21341642
2020-07-15,9192.83736784
2020-07-16,9132.22786293
2020-07-17,9151.39223963
2020-07-18,9159.03990531
2020-07-19,9185.81691242
2020-07-20,9164.2313647
2020-07-21,9374.88752808
2020-07-22,9525.36344997
2020-07-23,9581.07201141
2020-07-24,9536.89268563
2020-07-25,9677.11349729
2020-07-26,9905.16724705
2020-07-27,10990.8733998
2020-07-28,10912.8230505
2020-07-29,11100.4681253
2020-07-30,11111.2142899
2020-07-31,11323.4664207
2020-08-01,11759.5927707
2020-08-02,11053.613901
2020-08-03,11246.3487749
2020-08-04,11205.8929179
2020-08-05,11747.0228312
2020-08-06,11779.7732574
2020-08-07,11601.4727146
2020-08-08,11754.0458135
2020-08-09,11675.7393433
2020-08-10,11878.1113253
2020-08-11,11410.5256775
2020-08-12,11584.9345762
2020-08-13,11784.1373895
2020-08-14,11768.8706193
2020-08-15,11865.69857
2020-08-16,11892.8040631
2020-08-17,12254.4019083
2020-08-18,11991.2332456
2020-08-19,11758.2835921
2020-08-20,11878.3716211
2020-08-21,11592.4890449
2020-08-22,11681.8255623
2020-08-23,11664.8479948
2020-08-24,11774.5958414
2020-08-25,11366.1350817
2020-08-26,11488.3634896
2020-08-27,11323.3970324
2020-08-28,11542.4997333
2020-08-29,11506.8653177
2020-08-30,11711.506161
2020-08-31,11680.8204905
2020-09-01,11970.4787405
2020-09-02,11414.0337325
2020-09-03,10245.296686
2020-09-04,10511.8138807
2020-09-05,10169.567221
2020-09-06,10280.3517032
2020-09-07,10369.5637386
2020-09-08,10131.5166457
2020-09-09,10242.3477803
2020-09-10,10363.1390401
2020-09-11,10400.9146854
2020-09-12,10442.1706031
2020-09-13,10323.7557975
2020-09-14,10680.8374328
2020-09-15,10796.9509861
2020-09-16,10974.9048915
2020-09-17,10948.9899152
2020-09-18,10944.5858045
2020-09-19,11094.3462761
2020-09-20,10938.2712894
2020-09-21,10462.2596185
2020-09-22,10538.4603213
2020-09-23,10246.18649281
2020-09-24,10760.06625677
2020-09-25,10692.71721234
2020-09-26,10750.72357903
2020-09-27,10775.26937624
2020-09-28,10709.65218175
2020-09-29,10844.64098118
2020-09-30,10784.49157795
2020-10-01,10619.45190766
2020-10-02,10575.97504191
2020-10-03,10549.32889962
2020-10-04,10669.58254327
2020-10-05,10793.33942751
2020-10-06,10604.40588882
2020-10-07,10668.96895539
2020-10-08,10915.68573098
2020-10-09,11064.45759247
2020-10-10,11296.3614282
2020-10-11,11384.1819535
2020-10-12,11555.3628878
2020-10-13,11425.8994007
2020-10-14,11429.50688675
2020-10-15,11495.34965037
2020-10-16,11322.12268618
2020-10-17,11358.10156733
2020-10-18,11483.35971184
2020-10-19,11742.03715033
2020-10-20,11916.33514058
2020-10-21,12823.68918938
2020-10-22,12965.89129043
2020-10-23,12931.53902256
2020-10-24,13108.06261161
2020-10-25,13031.17431056
2020-10-26,13075.24769656
2020-10-27,13654.21844012
2020-10-28,13271.28536861
2020-10-29,13437.8832414
2020-10-30,13546.52226938
2020-10-31,13780.99470249
2020-11-01,13737.10982864
2020-11-02,13550.4893841
2020-11-03,13950.30084729
2020-11-04,14133.70715301
2020-11-05,15579.84846029
2020-11-06,15565.88058083
2020-11-07,14833.7541075
2020-11-08,15479.56703842
2020-11-09,15332.31559743
2020-11-10,15290.90268148
2020-11-11,15701.33973237
2020-11-12,16276.34394919
2020-11-13,16317.80819009
2020-11-14,16068.13870685
2020-11-15,15955.58743887
2020-11-16,16716.11132377
2020-11-17,17645.40576746
2020-11-18,17804.00563217
2020-11-19,17817.09024754
2020-11-20,18621.31436938
2020-11-21,18642.23276593
2020-11-22,18370.00252365
2020-11-23,18364.12159134
2020-11-24,19107.46444977
2020-11-25,18732.1207774
2020-11-26,17150.62357809
2020-11-27,17108.40172774
2020-11-28,17717.4150112
2020-11-29,18177.48341979
2020-11-30,19625.83502949
2020-12-01,18802.99829969
2020-12-02,19201.09115697
2020-12-03,19445.39847988
2020-12-04,18699.76561337
2020-12-05,19154.231131
2020-12-06,19345.12095871
2020-12-07,19191.63128698
2020-12-08,18321.14491611
2020-12-09,18553.91537685
2020-12-10,18264.99210672
2020-12-11,18058.90334725
2020-12-12,18803.65687045
2020-12-13,19142.3825335
2020-12-14,19246.64434137
2020-12-15,19417.07603342
2020-12-16,21310.59813054
2020-12-17,22805.16149213
2020-12-18,23137.96056165
2020-12-19,23869.83196434
2020-12-20,23477.29519711
2020-12-21,22803.0814087
2020-12-22,23783.02850288
2020-12-23,23241.34486501
2020-12-24,23735.94972763
2020-12-25,24664.79027412
2020-12-26,26437.0375091
2020-12-27,26272.29456706
2020-12-28,27084.80788628
2020-12-29,27362.4365573
2020-12-30,28840.95341968
2020-12-31,29001.71982218
2021-01-01,29374.15188907
2021-01-02,32127.26793922
2021-01-03,32782.02446581
2021-01-04,31971.91352155
2021-01-05,33992.42934365
2021-01-06,36824.36441009
2021-01-07,39371.04235311
2021-01-08,40797.61071993
2021-01-09,40254.54649816
2021-01-10,38356.43950662
2021-01-11,35566.65594049
2021-01-12,33922.9605815
2021-01-13,37316.35939997
2021-01-14,39187.32812109
2021-01-15,36825.36585131
2021-01-16,36178.13890106
2021-01-17,35791.27792129
2021-01-18,36630.07568284
2021-01-19,36069.80639361
2021-01-20,35547.7508855
2021-01-21,30825.69850603
2021-01-22,33005.76356216
2021-01-23,32067.64288212
2021-01-24,32289.37808687
2021-01-25,32366.39304887
2021-01-26,32569.84955679
2021-01-27,30432.54707881
2021-01-28,33466.09635821
2021-01-29,34316.38765032
2021-01-30,34269.52154165
2021-01-31,33114.35774753
2021-02-01,33537.1768196
2021-02-02,35510.28903716
2021-02-03,37472.09010368
2021-02-04,36926.06446515
2021-02-05,38144.30686267
2021-02-06,39266.01073494
2021-02-07,38903.44147971
2021-02-08,46196.46371944
2021-02-09,46481.10423596
2021-02-10,44918.18449192
2021-02-11,47909.33119483
2021-02-12,47504.85118326
2021-02-13,47105.51747252
2021-02-14,48717.2902111
2021-02-15,47945.05683234
2021-02-16,49199.87134362
2021-02-17,52149.00753587
2021-02-18,51679.79669449
2021-02-19,55888.13368221
2021-02-20,56099.52051348
2021-02-21,57539.9436679
2021-02-22,54207.31906543
2021-02-23,48824.42686909
2021-02-24,49705.33331637
2021-02-25,47093.85301914
2021-02-26,46339.76008289
2021-02-27,46188.45127539
2021-02-28,45137.77046805
2021-03-01,49631.24137077
2021-03-02,48378.98805435
2021-03-03,50538.24341445
2021-03-04,48561.1661539
2021-03-05,48927.3045548
2021-03-06,48912.38173056
2021-03-07,51206.69295308
2021-03-08,52246.52230995
2021-03-09,54824.11781138
2021-03-10,56008.54940114
2021-03-11,57805.12301924
2021-03-12,57332.08896391
2021-03-13,61243.08476552
2021-03-14,59302.31697742
2021-03-15,55907.20022619
2021-03-16,56804.90123161
2021-03-17,58870.89333325
2021-03-18,57858.92070527
2021-03-19,58346.65297359
2021-03-20,58313.64260857
2021-03-21,57523.42098673
2021-03-22,54529.14561107
2021-03-23,54738.94493032
2021-03-24,52774.26369049
2021-03-25,51704.1619252
2021-03-26,55137.31372578
2021-03-27,55973.51084173
2021-03-28,55950.7457745
2021-03-29,57750.19987147
2021-03-30,58917.6930451
2021-03-31,58918.83271375
2021-04-01,59095.80797806
2021-04-02,59384.3133586
2021-04-03,57603.88917376
2021-04-04,58758.55629127
2021-04-05,59057.87896588
2021-04-06,58192.35868406
2021-04-07,56048.93781271
2021-04-08,58323.95357975
2021-04-09,58245.00300108
2021-04-10,59793.23541009
2021-04-11,60204.96491379
2021-04-12,59893.45188869
2021-04-13,63503.45793019
2021-04-14,63109.69593464
2021-04-15,63314.01084504
2021-04-16,61572.78960116
2021-04-17,60683.82123331
2021-04-18,56216.18500243
2021-04-19,55724.26709807
2021-04-20,56473.0322808
2021-04-21,53906.08804584
2021-04-22,51762.27205146
2021-04-23,51093.65070999
2021-04-24,50050.86821565
2021-04-25,49004.25326318
2021-04-26,54021.75478737
2021-04-27,55033.11801332
2021-04-28,54824.70489507
2021-04-29,53555.10849133
2021-04-30,57750.17734563
2021-05-01,57828.05063222
2021-05-02,56631.07741255
2021-05-03,57200.29122289
2021-05-04,53333.53775274
2021-05-05,57424.00594813
2021-05-06,56396.51416376
2021-05-07,57356.40187692
2021-05-08,58803.77580865
2021-05-09,58232.3161419
2021-05-10,55859.79754454
2021-05-11,56704.5730585
2021-05-12,49150.53387514
2021-05-13,49716.19160254
2021-05-14,49880.53342038
2021-05-15,46760.18656071
2021-05-16,46456.05847448
2021-05-17,43537.51138918
2021-05-18,42909.40092517
2021-05-19,37002.4404659
2021-05-20,40782.73826245
2021-05-21,37304.69067136
2021-05-22,37536.63111241
2021-05-23,34770.58362292
2021-05-24,38705.97863723
2021-05-25,38402.22385137
2021-05-26,39294.19738214
2021-05-27,38436.96853505
2021-05-28,35697.60639024
2021-05-29,34616.06800347
2021-05-30,35678.12920411
2021-05-31,37332.85368874
2021-06-01,36684.92451667
2021-06-02,37575.17957566
2021-06-03,39208.76599489
2021-06-04,36894.40532994
2021-06-05,35551.95872588
2021-06-06,35862.37772747
2021-06-07,33560.70783776
2021-06-08,33472.63174808
2021-06-09,37345.12148619
2021-06-10,36702.59937466
2021-06-11,37334.39952553
2021-06-12,35552.51714847
2021-06-13,39097.86089667
2021-06-14,40218.47785943
2021-06-15,40406.26898673
2021-06-16,38347.06322666
2021-06-17,38053.50417253
2021-06-18,35787.24478177
2021-06-19,35615.86927002
2021-06-20,35698.29644336
2021-06-21,31676.69373254
2021-06-22,32505.6598245
2021-06-23,33723.0289781
2021-06-24,34662.43589358
2021-06-25,31637.78005541
2021-06-26,32186.27767093
2021-06-27,34649.64458753
2021-06-28,34434.33531428
2021-06-29,35867.77773549
2021-06-30,35040.83724889
2021-07-01,33572.11765253
2021-07-02,33897.04858963
2021-07-03,34668.54840182
2021-07-04,35287.77976616
2021-07-05,33746.00245614
2021-07-06,34235.19345116
2021-07-07,33855.32688833
2021-07-08,32877.37262842
2021-07-09,33798.01020742
2021-07-10,33520.51995283
2021-07-11,34240.18701074
2021-07-12,33155.84813085
2021-07-13,32702.02592354
2021-07-14,32822.34873678
2021-07-15,31780.73137404
2021-07-16,31421.53845398
2021-07-17,31533.06753327
2021-07-18,31796.81013825
